id, AccountGameNumber, SeasonGameNumber, Rank, Map, PlacementMatch, IfPlacementWLD, createdAt, updatedAt, GamertagId, SeasonNumber, UserUuid
,1,1,0,PLACEMENT,1,,1000-01-01 00:00:00,1000-01-01 00:00:00,PRACT1CEACC0UNT,7,92380492-5303-4dab-9abd-20a64e1cdbab
,2,2,0,PLACEMENT,1,,1000-01-01 00:00:00,1000-01-01 00:00:00,PRACT1CEACC0UNT,7,92380492-5303-4dab-9abd-20a64e1cdbab
,3,3,0,PLACEMENT,1,,1000-01-01 00:00:00,1000-01-01 00:00:00,PRACT1CEACC0UNT,7,92380492-5303-4dab-9abd-20a64e1cdbab
,4,4,0,PLACEMENT,1,,1000-01-01 00:00:00,1000-01-01 00:00:00,PRACT1CEACC0UNT,7,92380492-5303-4dab-9abd-20a64e1cdbab
,5,5,0,PLACEMENT,1,,1000-01-01 00:00:00,1000-01-01 00:00:00,PRACT1CEACC0UNT,7,92380492-5303-4dab-9abd-20a64e1cdbab
,6,6,0,PLACEMENT,1,,1000-01-01 00:00:00,1000-01-01 00:00:00,PRACT1CEACC0UNT,7,92380492-5303-4dab-9abd-20a64e1cdbab
,7,7,0,PLACEMENT,1,,1000-01-01 00:00:00,1000-01-01 00:00:00,PRACT1CEACC0UNT,7,92380492-5303-4dab-9abd-20a64e1cdbab
,8,8,0,PLACEMENT,1,,1000-01-01 00:00:00,1000-01-01 00:00:00,PRACT1CEACC0UNT,7,92380492-5303-4dab-9abd-20a64e1cdbab
,9,9,0,PLACEMENT,1,,1000-01-01 00:00:00,1000-01-01 00:00:00,PRACT1CEACC0UNT,7,92380492-5303-4dab-9abd-20a64e1cdbab
,10,10,2636,PLACEMENT,1,,1000-01-01 00:00:00,1000-01-01 00:00:00,PRACT1CEACC0UNT,7,92380492-5303-4dab-9abd-20a64e1cdbab
,11,11,2701,Temple of Anubis,0,,1000-01-01 00:00:00,1000-01-01 00:00:00,PRACT1CEACC0UNT,7,92380492-5303-4dab-9abd-20a64e1cdbab
,12,12,2757,King's Row,0,,1000-01-01 00:00:00,1000-01-01 00:00:00,PRACT1CEACC0UNT,7,92380492-5303-4dab-9abd-20a64e1cdbab
,13,13,2713,Hollywood,0,,1000-01-01 00:00:00,1000-01-01 00:00:00,PRACT1CEACC0UNT,7,92380492-5303-4dab-9abd-20a64e1cdbab
,14,14,2758,Lijiang Tower,0,,1000-01-01 00:00:00,1000-01-01 00:00:00,PRACT1CEACC0UNT,7,92380492-5303-4dab-9abd-20a64e1cdbab
,15,15,2718,Dorado,0,,1000-01-01 00:00:00,1000-01-01 00:00:00,PRACT1CEACC0UNT,7,92380492-5303-4dab-9abd-20a64e1cdbab
,16,16,2688,Horizon Lunar Colony,0,,1000-01-01 00:00:00,1000-01-01 00:00:00,PRACT1CEACC0UNT,7,92380492-5303-4dab-9abd-20a64e1cdbab
,17,17,2724,Watchpoint: Gibraltar,0,,1000-01-01 00:00:00,1000-01-01 00:00:00,PRACT1CEACC0UNT,7,92380492-5303-4dab-9abd-20a64e1cdbab
,18,18,2692,Eichenwalde,0,,1000-01-01 00:00:00,1000-01-01 00:00:00,PRACT1CEACC0UNT,7,92380492-5303-4dab-9abd-20a64e1cdbab
,19,19,2664,Junkertown,0,,1000-01-01 00:00:00,1000-01-01 00:00:00,PRACT1CEACC0UNT,7,92380492-5303-4dab-9abd-20a64e1cdbab
,20,20,2703,Temple of Anubis,0,,1000-01-01 00:00:00,1000-01-01 00:00:00,PRACT1CEACC0UNT,7,92380492-5303-4dab-9abd-20a64e1cdbab
,21,21,2703,Hanamura,0,,1000-01-01 00:00:00,1000-01-01 00:00:00,PRACT1CEACC0UNT,7,92380492-5303-4dab-9abd-20a64e1cdbab
,22,22,2727,Junkertown,0,,1000-01-01 00:00:00,1000-01-01 00:00:00,PRACT1CEACC0UNT,7,92380492-5303-4dab-9abd-20a64e1cdbab
,23,23,2755,Eichenwalde,0,,1000-01-01 00:00:00,1000-01-01 00:00:00,PRACT1CEACC0UNT,7,92380492-5303-4dab-9abd-20a64e1cdbab
,24,24,2780,Numbani,0,,1000-01-01 00:00:00,1000-01-01 00:00:00,PRACT1CEACC0UNT,7,92380492-5303-4dab-9abd-20a64e1cdbab
,25,25,2759,Horizon Lunar Colony,0,,1000-01-01 00:00:00,1000-01-01 00:00:00,PRACT1CEACC0UNT,7,92380492-5303-4dab-9abd-20a64e1cdbab
,26,26,2783,Ilios,0,,1000-01-01 00:00:00,1000-01-01 00:00:00,PRACT1CEACC0UNT,7,92380492-5303-4dab-9abd-20a64e1cdbab
,27,27,2756,Hollywood,0,,1000-01-01 00:00:00,1000-01-01 00:00:00,PRACT1CEACC0UNT,7,92380492-5303-4dab-9abd-20a64e1cdbab
,28,28,2779,Route 66,0,,1000-01-01 00:00:00,1000-01-01 00:00:00,PRACT1CEACC0UNT,7,92380492-5303-4dab-9abd-20a64e1cdbab
,29,29,2758,Lijiang Tower,0,,1000-01-01 00:00:00,1000-01-01 00:00:00,PRACT1CEACC0UNT,7,92380492-5303-4dab-9abd-20a64e1cdbab
,30,30,2735,Hollywood,0,,1000-01-01 00:00:00,1000-01-01 00:00:00,PRACT1CEACC0UNT,7,92380492-5303-4dab-9abd-20a64e1cdbab
,31,31,2735,Numbani,0,,1000-01-01 00:00:00,1000-01-01 00:00:00,PRACT1CEACC0UNT,7,92380492-5303-4dab-9abd-20a64e1cdbab
,32,32,2711,Route 66,0,,1000-01-01 00:00:00,1000-01-01 00:00:00,PRACT1CEACC0UNT,7,92380492-5303-4dab-9abd-20a64e1cdbab
,33,33,2732,Eichenwalde,0,,1000-01-01 00:00:00,1000-01-01 00:00:00,PRACT1CEACC0UNT,7,92380492-5303-4dab-9abd-20a64e1cdbab
,34,34,2754,Watchpoint: Gibraltar,0,,1000-01-01 00:00:00,1000-01-01 00:00:00,PRACT1CEACC0UNT,7,92380492-5303-4dab-9abd-20a64e1cdbab
,35,35,2727,Hanamura,0,,1000-01-01 00:00:00,1000-01-01 00:00:00,PRACT1CEACC0UNT,7,92380492-5303-4dab-9abd-20a64e1cdbab
,36,36,2704,King's Row,0,,1000-01-01 00:00:00,1000-01-01 00:00:00,PRACT1CEACC0UNT,7,92380492-5303-4dab-9abd-20a64e1cdbab
,37,37,2726,Dorado,0,,1000-01-01 00:00:00,1000-01-01 00:00:00,PRACT1CEACC0UNT,7,92380492-5303-4dab-9abd-20a64e1cdbab
,38,38,2749,Volskaya Industries,0,,1000-01-01 00:00:00,1000-01-01 00:00:00,PRACT1CEACC0UNT,7,92380492-5303-4dab-9abd-20a64e1cdbab
,39,39,2777,Junkertown,0,,1000-01-01 00:00:00,1000-01-01 00:00:00,PRACT1CEACC0UNT,7,92380492-5303-4dab-9abd-20a64e1cdbab
,40,40,2750,Temple of Anubis,0,,1000-01-01 00:00:00,1000-01-01 00:00:00,PRACT1CEACC0UNT,7,92380492-5303-4dab-9abd-20a64e1cdbab
,41,41,2774,Route 66,0,,1000-01-01 00:00:00,1000-01-01 00:00:00,PRACT1CEACC0UNT,7,92380492-5303-4dab-9abd-20a64e1cdbab
,42,42,2799,Watchpoint: Gibraltar,0,,1000-01-01 00:00:00,1000-01-01 00:00:00,PRACT1CEACC0UNT,7,92380492-5303-4dab-9abd-20a64e1cdbab
,43,43,2777,Nepal,0,,1000-01-01 00:00:00,1000-01-01 00:00:00,PRACT1CEACC0UNT,7,92380492-5303-4dab-9abd-20a64e1cdbab
,44,44,2799,Numbani,0,,1000-01-01 00:00:00,1000-01-01 00:00:00,PRACT1CEACC0UNT,7,92380492-5303-4dab-9abd-20a64e1cdbab
,45,45,2775,Lijiang Tower,0,,1000-01-01 00:00:00,1000-01-01 00:00:00,PRACT1CEACC0UNT,7,92380492-5303-4dab-9abd-20a64e1cdbab
,46,46,2749,Volskaya Industries,0,,1000-01-01 00:00:00,1000-01-01 00:00:00,PRACT1CEACC0UNT,7,92380492-5303-4dab-9abd-20a64e1cdbab
,47,47,2774,Hollywood,0,,1000-01-01 00:00:00,1000-01-01 00:00:00,PRACT1CEACC0UNT,7,92380492-5303-4dab-9abd-20a64e1cdbab
,48,48,2797,Ilios,0,,1000-01-01 00:00:00,1000-01-01 00:00:00,PRACT1CEACC0UNT,7,92380492-5303-4dab-9abd-20a64e1cdbab
,49,49,2773,Numbani,0,,1000-01-01 00:00:00,1000-01-01 00:00:00,PRACT1CEACC0UNT,7,92380492-5303-4dab-9abd-20a64e1cdbab
,50,50,2795,King's Row,0,,1000-01-01 00:00:00,1000-01-01 00:00:00,PRACT1CEACC0UNT,7,92380492-5303-4dab-9abd-20a64e1cdbab
,51,51,2772,Temple of Anubis,0,,1000-01-01 00:00:00,1000-01-01 00:00:00,PRACT1CEACC0UNT,7,92380492-5303-4dab-9abd-20a64e1cdbab
,52,52,2749,Hanamura,0,,1000-01-01 00:00:00,1000-01-01 00:00:00,PRACT1CEACC0UNT,7,92380492-5303-4dab-9abd-20a64e1cdbab
,53,53,2769,Eichenwalde,0,,1000-01-01 00:00:00,1000-01-01 00:00:00,PRACT1CEACC0UNT,7,92380492-5303-4dab-9abd-20a64e1cdbab
,54,54,2787,Horizon Lunar Colony,0,,1000-01-01 00:00:00,1000-01-01 00:00:00,PRACT1CEACC0UNT,7,92380492-5303-4dab-9abd-20a64e1cdbab
,55,55,2812,King's Row,0,,1000-01-01 00:00:00,1000-01-01 00:00:00,PRACT1CEACC0UNT,7,92380492-5303-4dab-9abd-20a64e1cdbab
,56,56,2835,Route 66,0,,1000-01-01 00:00:00,1000-01-01 00:00:00,PRACT1CEACC0UNT,7,92380492-5303-4dab-9abd-20a64e1cdbab
,57,57,2812,Nepal,0,,1000-01-01 00:00:00,1000-01-01 00:00:00,PRACT1CEACC0UNT,7,92380492-5303-4dab-9abd-20a64e1cdbab
,58,58,2789,Hollywood,0,,1000-01-01 00:00:00,1000-01-01 00:00:00,PRACT1CEACC0UNT,7,92380492-5303-4dab-9abd-20a64e1cdbab
,59,59,2764,Numbani,0,,1000-01-01 00:00:00,1000-01-01 00:00:00,PRACT1CEACC0UNT,7,92380492-5303-4dab-9abd-20a64e1cdbab
,60,60,2739,DISCONNECT,0,,1000-01-01 00:00:00,1000-01-01 00:00:00,PRACT1CEACC0UNT,7,92380492-5303-4dab-9abd-20a64e1cdbab
,61,61,2712,Dorado,0,,1000-01-01 00:00:00,1000-01-01 00:00:00,PRACT1CEACC0UNT,7,92380492-5303-4dab-9abd-20a64e1cdbab
,62,62,2741,Volskaya Industries,0,,1000-01-01 00:00:00,1000-01-01 00:00:00,PRACT1CEACC0UNT,7,92380492-5303-4dab-9abd-20a64e1cdbab
,63,63,2721,Junkertown,0,,1000-01-01 00:00:00,1000-01-01 00:00:00,PRACT1CEACC0UNT,7,92380492-5303-4dab-9abd-20a64e1cdbab
,64,64,2692,Hanamura,0,,1000-01-01 00:00:00,1000-01-01 00:00:00,PRACT1CEACC0UNT,7,92380492-5303-4dab-9abd-20a64e1cdbab
,65,65,2717,Eichenwalde,0,,1000-01-01 00:00:00,1000-01-01 00:00:00,PRACT1CEACC0UNT,7,92380492-5303-4dab-9abd-20a64e1cdbab
,66,66,2742,Ilios,0,,1000-01-01 00:00:00,1000-01-01 00:00:00,PRACT1CEACC0UNT,7,92380492-5303-4dab-9abd-20a64e1cdbab
,67,67,2765,Hollywood,0,,1000-01-01 00:00:00,1000-01-01 00:00:00,PRACT1CEACC0UNT,7,92380492-5303-4dab-9abd-20a64e1cdbab
,68,68,2741,Temple of Anubis,0,,1000-01-01 00:00:00,1000-01-01 00:00:00,PRACT1CEACC0UNT,7,92380492-5303-4dab-9abd-20a64e1cdbab
,69,69,2717,Junkertown,0,,1000-01-01 00:00:00,1000-01-01 00:00:00,PRACT1CEACC0UNT,7,92380492-5303-4dab-9abd-20a64e1cdbab
,70,70,2692,Numbani,0,,1000-01-01 00:00:00,1000-01-01 00:00:00,PRACT1CEACC0UNT,7,92380492-5303-4dab-9abd-20a64e1cdbab
,71,71,2717,Oasis,0,,1000-01-01 00:00:00,1000-01-01 00:00:00,PRACT1CEACC0UNT,7,92380492-5303-4dab-9abd-20a64e1cdbab
,72,72,2740,Route 66,0,,1000-01-01 00:00:00,1000-01-01 00:00:00,PRACT1CEACC0UNT,7,92380492-5303-4dab-9abd-20a64e1cdbab
,73,73,2768,Numbani,0,,1000-01-01 00:00:00,1000-01-01 00:00:00,PRACT1CEACC0UNT,7,92380492-5303-4dab-9abd-20a64e1cdbab
,74,74,2790,Lijiang Tower,0,,1000-01-01 00:00:00,1000-01-01 00:00:00,PRACT1CEACC0UNT,7,92380492-5303-4dab-9abd-20a64e1cdbab
,75,75,2815,Watchpoint: Gibraltar,0,,1000-01-01 00:00:00,1000-01-01 00:00:00,PRACT1CEACC0UNT,7,92380492-5303-4dab-9abd-20a64e1cdbab
,76,76,2791,Hanamura,0,,1000-01-01 00:00:00,1000-01-01 00:00:00,PRACT1CEACC0UNT,7,92380492-5303-4dab-9abd-20a64e1cdbab
,77,77,2769,King's Row,0,,1000-01-01 00:00:00,1000-01-01 00:00:00,PRACT1CEACC0UNT,7,92380492-5303-4dab-9abd-20a64e1cdbab
,78,78,2794,Dorado,0,,1000-01-01 00:00:00,1000-01-01 00:00:00,PRACT1CEACC0UNT,7,92380492-5303-4dab-9abd-20a64e1cdbab
,79,79,2820,Temple of Anubis,0,,1000-01-01 00:00:00,1000-01-01 00:00:00,PRACT1CEACC0UNT,7,92380492-5303-4dab-9abd-20a64e1cdbab
,80,80,2846,Ilios,0,,1000-01-01 00:00:00,1000-01-01 00:00:00,PRACT1CEACC0UNT,7,92380492-5303-4dab-9abd-20a64e1cdbab
,81,81,2824,Horizon Lunar Colony,0,,1000-01-01 00:00:00,1000-01-01 00:00:00,PRACT1CEACC0UNT,7,92380492-5303-4dab-9abd-20a64e1cdbab
,82,82,2801,Oasis,0,,1000-01-01 00:00:00,1000-01-01 00:00:00,PRACT1CEACC0UNT,7,92380492-5303-4dab-9abd-20a64e1cdbab
,83,83,2777,Watchpoint: Gibraltar,0,,1000-01-01 00:00:00,1000-01-01 00:00:00,PRACT1CEACC0UNT,7,92380492-5303-4dab-9abd-20a64e1cdbab
,84,84,2803,Eichenwalde,0,,1000-01-01 00:00:00,1000-01-01 00:00:00,PRACT1CEACC0UNT,7,92380492-5303-4dab-9abd-20a64e1cdbab
,85,85,2782,Lijiang Tower,0,,1000-01-01 00:00:00,1000-01-01 00:00:00,PRACT1CEACC0UNT,7,92380492-5303-4dab-9abd-20a64e1cdbab
,86,86,2804,Ilios,0,,1000-01-01 00:00:00,1000-01-01 00:00:00,PRACT1CEACC0UNT,7,92380492-5303-4dab-9abd-20a64e1cdbab
,87,87,2778,Junkertown,0,,1000-01-01 00:00:00,1000-01-01 00:00:00,PRACT1CEACC0UNT,7,92380492-5303-4dab-9abd-20a64e1cdbab
,88,88,2751,Watchpoint: Gibraltar,0,,1000-01-01 00:00:00,1000-01-01 00:00:00,PRACT1CEACC0UNT,7,92380492-5303-4dab-9abd-20a64e1cdbab
,89,89,2773,Hollywood,0,,1000-01-01 00:00:00,1000-01-01 00:00:00,PRACT1CEACC0UNT,7,92380492-5303-4dab-9abd-20a64e1cdbab
,90,90,2794,Route 66,0,,1000-01-01 00:00:00,1000-01-01 00:00:00,PRACT1CEACC0UNT,7,92380492-5303-4dab-9abd-20a64e1cdbab
,91,91,2771,Dorado,0,,1000-01-01 00:00:00,1000-01-01 00:00:00,PRACT1CEACC0UNT,7,92380492-5303-4dab-9abd-20a64e1cdbab
,92,92,2795,Oasis,0,,1000-01-01 00:00:00,1000-01-01 00:00:00,PRACT1CEACC0UNT,7,92380492-5303-4dab-9abd-20a64e1cdbab
,93,93,2818,Volskaya Industries,0,,1000-01-01 00:00:00,1000-01-01 00:00:00,PRACT1CEACC0UNT,7,92380492-5303-4dab-9abd-20a64e1cdbab
,94,94,2842,Nepal,0,,1000-01-01 00:00:00,1000-01-01 00:00:00,PRACT1CEACC0UNT,7,92380492-5303-4dab-9abd-20a64e1cdbab
,95,95,2842,Temple of Anubis,0,,1000-01-01 00:00:00,1000-01-01 00:00:00,PRACT1CEACC0UNT,7,92380492-5303-4dab-9abd-20a64e1cdbab
,96,96,2821,Numbani,0,,1000-01-01 00:00:00,1000-01-01 00:00:00,PRACT1CEACC0UNT,7,92380492-5303-4dab-9abd-20a64e1cdbab
,97,97,2797,Junkertown,0,,1000-01-01 00:00:00,1000-01-01 00:00:00,PRACT1CEACC0UNT,7,92380492-5303-4dab-9abd-20a64e1cdbab
,98,98,2770,Oasis,0,,1000-01-01 00:00:00,1000-01-01 00:00:00,PRACT1CEACC0UNT,7,92380492-5303-4dab-9abd-20a64e1cdbab
,99,99,2792,Temple of Anubis,0,,1000-01-01 00:00:00,1000-01-01 00:00:00,PRACT1CEACC0UNT,7,92380492-5303-4dab-9abd-20a64e1cdbab
,100,100,2769,Watchpoint: Gibraltar,0,,1000-01-01 00:00:00,1000-01-01 00:00:00,PRACT1CEACC0UNT,7,92380492-5303-4dab-9abd-20a64e1cdbab
,101,101,2783,Lijiang Tower,0,,1000-01-01 00:00:00,1000-01-01 00:00:00,PRACT1CEACC0UNT,7,92380492-5303-4dab-9abd-20a64e1cdbab
,102,102,2761,Oasis,0,,1000-01-01 00:00:00,1000-01-01 00:00:00,PRACT1CEACC0UNT,7,92380492-5303-4dab-9abd-20a64e1cdbab
,103,103,2780,Hanamura,0,,1000-01-01 00:00:00,1000-01-01 00:00:00,PRACT1CEACC0UNT,7,92380492-5303-4dab-9abd-20a64e1cdbab
,104,104,2751,Route 66,0,,1000-01-01 00:00:00,1000-01-01 00:00:00,PRACT1CEACC0UNT,7,92380492-5303-4dab-9abd-20a64e1cdbab
,105,105,2769,Dorado,0,,1000-01-01 00:00:00,1000-01-01 00:00:00,PRACT1CEACC0UNT,7,92380492-5303-4dab-9abd-20a64e1cdbab
,106,106,2742,Nepal,0,,1000-01-01 00:00:00,1000-01-01 00:00:00,PRACT1CEACC0UNT,7,92380492-5303-4dab-9abd-20a64e1cdbab
,107,107,2717,Eichenwalde,0,,1000-01-01 00:00:00,1000-01-01 00:00:00,PRACT1CEACC0UNT,7,92380492-5303-4dab-9abd-20a64e1cdbab
,108,108,2698,Hollywood,0,,1000-01-01 00:00:00,1000-01-01 00:00:00,PRACT1CEACC0UNT,7,92380492-5303-4dab-9abd-20a64e1cdbab
,109,109,2721,Horizon Lunar Colony,0,,1000-01-01 00:00:00,1000-01-01 00:00:00,PRACT1CEACC0UNT,7,92380492-5303-4dab-9abd-20a64e1cdbab
,110,110,2694,Junkertown,0,,1000-01-01 00:00:00,1000-01-01 00:00:00,PRACT1CEACC0UNT,7,92380492-5303-4dab-9abd-20a64e1cdbab
,111,111,2716,Ilios,0,,1000-01-01 00:00:00,1000-01-01 00:00:00,PRACT1CEACC0UNT,7,92380492-5303-4dab-9abd-20a64e1cdbab
,112,112,2740,Numbani,0,,1000-01-01 00:00:00,1000-01-01 00:00:00,PRACT1CEACC0UNT,7,92380492-5303-4dab-9abd-20a64e1cdbab
,113,113,2761,Nepal,0,,1000-01-01 00:00:00,1000-01-01 00:00:00,PRACT1CEACC0UNT,7,92380492-5303-4dab-9abd-20a64e1cdbab
,114,114,2740,Lijiang Tower,0,,1000-01-01 00:00:00,1000-01-01 00:00:00,PRACT1CEACC0UNT,7,92380492-5303-4dab-9abd-20a64e1cdbab
,115,115,2713,Numbani,0,,1000-01-01 00:00:00,1000-01-01 00:00:00,PRACT1CEACC0UNT,7,92380492-5303-4dab-9abd-20a64e1cdbab
,116,116,2738,Hanamura,0,,1000-01-01 00:00:00,1000-01-01 00:00:00,PRACT1CEACC0UNT,7,92380492-5303-4dab-9abd-20a64e1cdbab
,117,117,2762,Watchpoint: Gibraltar,0,,1000-01-01 00:00:00,1000-01-01 00:00:00,PRACT1CEACC0UNT,7,92380492-5303-4dab-9abd-20a64e1cdbab
,118,118,2739,King's Row,0,,1000-01-01 00:00:00,1000-01-01 00:00:00,PRACT1CEACC0UNT,7,92380492-5303-4dab-9abd-20a64e1cdbab
,119,119,2768,Volskaya Industries,0,,1000-01-01 00:00:00,1000-01-01 00:00:00,PRACT1CEACC0UNT,7,92380492-5303-4dab-9abd-20a64e1cdbab
,120,120,2747,Hollywood,0,,1000-01-01 00:00:00,1000-01-01 00:00:00,PRACT1CEACC0UNT,7,92380492-5303-4dab-9abd-20a64e1cdbab
,121,121,2728,Ilios,0,,1000-01-01 00:00:00,1000-01-01 00:00:00,PRACT1CEACC0UNT,7,92380492-5303-4dab-9abd-20a64e1cdbab
,122,122,2750,Numbani,0,,1000-01-01 00:00:00,1000-01-01 00:00:00,PRACT1CEACC0UNT,7,92380492-5303-4dab-9abd-20a64e1cdbab
,123,123,2728,Oasis,0,,1000-01-01 00:00:00,1000-01-01 00:00:00,PRACT1CEACC0UNT,7,92380492-5303-4dab-9abd-20a64e1cdbab
,124,124,2761,Dorado,0,,1000-01-01 00:00:00,1000-01-01 00:00:00,PRACT1CEACC0UNT,7,92380492-5303-4dab-9abd-20a64e1cdbab
,125,125,2740,Temple of Anubis,0,,1000-01-01 00:00:00,1000-01-01 00:00:00,PRACT1CEACC0UNT,7,92380492-5303-4dab-9abd-20a64e1cdbab
,126,126,2718,Watchpoint: Gibraltar,0,,1000-01-01 00:00:00,1000-01-01 00:00:00,PRACT1CEACC0UNT,7,92380492-5303-4dab-9abd-20a64e1cdbab
,127,127,2740,Junkertown,0,,1000-01-01 00:00:00,1000-01-01 00:00:00,PRACT1CEACC0UNT,7,92380492-5303-4dab-9abd-20a64e1cdbab
,128,128,2716,Eichenwalde,0,,1000-01-01 00:00:00,1000-01-01 00:00:00,PRACT1CEACC0UNT,7,92380492-5303-4dab-9abd-20a64e1cdbab
,129,129,2692,Nepal,0,,1000-01-01 00:00:00,1000-01-01 00:00:00,PRACT1CEACC0UNT,7,92380492-5303-4dab-9abd-20a64e1cdbab
,130,130,2720,Dorado,0,,1000-01-01 00:00:00,1000-01-01 00:00:00,PRACT1CEACC0UNT,7,92380492-5303-4dab-9abd-20a64e1cdbab
,131,131,2741,Temple of Anubis,0,,1000-01-01 00:00:00,1000-01-01 00:00:00,PRACT1CEACC0UNT,7,92380492-5303-4dab-9abd-20a64e1cdbab
,132,132,2762,Hanamura,0,,1000-01-01 00:00:00,1000-01-01 00:00:00,PRACT1CEACC0UNT,7,92380492-5303-4dab-9abd-20a64e1cdbab
,133,133,2785,Route 66,0,,1000-01-01 00:00:00,1000-01-01 00:00:00,PRACT1CEACC0UNT,7,92380492-5303-4dab-9abd-20a64e1cdbab
,134,134,2762,Lijiang Tower,0,,1000-01-01 00:00:00,1000-01-01 00:00:00,PRACT1CEACC0UNT,7,92380492-5303-4dab-9abd-20a64e1cdbab
,135,135,2740,Watchpoint: Gibraltar,0,,1000-01-01 00:00:00,1000-01-01 00:00:00,PRACT1CEACC0UNT,7,92380492-5303-4dab-9abd-20a64e1cdbab
,136,136,2765,Numbani,0,,1000-01-01 00:00:00,1000-01-01 00:00:00,PRACT1CEACC0UNT,7,92380492-5303-4dab-9abd-20a64e1cdbab
,137,137,2786,Horizon Lunar Colony,0,,1000-01-01 00:00:00,1000-01-01 00:00:00,PRACT1CEACC0UNT,7,92380492-5303-4dab-9abd-20a64e1cdbab
,138,138,2808,Hollywood,0,,1000-01-01 00:00:00,1000-01-01 00:00:00,PRACT1CEACC0UNT,7,92380492-5303-4dab-9abd-20a64e1cdbab
,139,139,2780,Oasis,0,,1000-01-01 00:00:00,1000-01-01 00:00:00,PRACT1CEACC0UNT,7,92380492-5303-4dab-9abd-20a64e1cdbab
,140,140,2804,Dorado,0,,1000-01-01 00:00:00,1000-01-01 00:00:00,PRACT1CEACC0UNT,7,92380492-5303-4dab-9abd-20a64e1cdbab
,141,141,2776,Junkertown,0,,1000-01-01 00:00:00,1000-01-01 00:00:00,PRACT1CEACC0UNT,7,92380492-5303-4dab-9abd-20a64e1cdbab
,142,142,2800,Lijiang Tower,0,,1000-01-01 00:00:00,1000-01-01 00:00:00,PRACT1CEACC0UNT,7,92380492-5303-4dab-9abd-20a64e1cdbab
,143,143,2821,King's Row,0,,1000-01-01 00:00:00,1000-01-01 00:00:00,PRACT1CEACC0UNT,7,92380492-5303-4dab-9abd-20a64e1cdbab
,144,144,2801,Numbani,0,,1000-01-01 00:00:00,1000-01-01 00:00:00,PRACT1CEACC0UNT,7,92380492-5303-4dab-9abd-20a64e1cdbab
,145,145,2778,Oasis,0,,1000-01-01 00:00:00,1000-01-01 00:00:00,PRACT1CEACC0UNT,7,92380492-5303-4dab-9abd-20a64e1cdbab
,146,146,2754,Route 66,0,,1000-01-01 00:00:00,1000-01-01 00:00:00,PRACT1CEACC0UNT,7,92380492-5303-4dab-9abd-20a64e1cdbab
,147,147,2779,Ilios,0,,1000-01-01 00:00:00,1000-01-01 00:00:00,PRACT1CEACC0UNT,7,92380492-5303-4dab-9abd-20a64e1cdbab
,148,148,2800,Eichenwalde,0,,1000-01-01 00:00:00,1000-01-01 00:00:00,PRACT1CEACC0UNT,7,92380492-5303-4dab-9abd-20a64e1cdbab
,149,149,2823,Horizon Lunar Colony,0,,1000-01-01 00:00:00,1000-01-01 00:00:00,PRACT1CEACC0UNT,7,92380492-5303-4dab-9abd-20a64e1cdbab
,150,150,2801,Hollywood,0,,1000-01-01 00:00:00,1000-01-01 00:00:00,PRACT1CEACC0UNT,7,92380492-5303-4dab-9abd-20a64e1cdbab
,151,151,2774,Volskaya Industries,0,,1000-01-01 00:00:00,1000-01-01 00:00:00,PRACT1CEACC0UNT,7,92380492-5303-4dab-9abd-20a64e1cdbab
,152,152,2797,Numbani,0,,1000-01-01 00:00:00,1000-01-01 00:00:00,PRACT1CEACC0UNT,7,92380492-5303-4dab-9abd-20a64e1cdbab
,153,153,2772,Dorado,0,,1000-01-01 00:00:00,1000-01-01 00:00:00,PRACT1CEACC0UNT,7,92380492-5303-4dab-9abd-20a64e1cdbab
,154,154,2746,Route 66,0,,1000-01-01 00:00:00,1000-01-01 00:00:00,PRACT1CEACC0UNT,7,92380492-5303-4dab-9abd-20a64e1cdbab
,155,155,2765,Temple of Anubis,0,,1000-01-01 00:00:00,1000-01-01 00:00:00,PRACT1CEACC0UNT,7,92380492-5303-4dab-9abd-20a64e1cdbab
,156,156,2792,Oasis,0,,1000-01-01 00:00:00,1000-01-01 00:00:00,PRACT1CEACC0UNT,7,92380492-5303-4dab-9abd-20a64e1cdbab
,157,157,2768,Junkertown,0,,1000-01-01 00:00:00,1000-01-01 00:00:00,PRACT1CEACC0UNT,7,92380492-5303-4dab-9abd-20a64e1cdbab
,158,158,2747,Eichenwalde,0,,1000-01-01 00:00:00,1000-01-01 00:00:00,PRACT1CEACC0UNT,7,92380492-5303-4dab-9abd-20a64e1cdbab
,159,159,2722,Ilios,0,,1000-01-01 00:00:00,1000-01-01 00:00:00,PRACT1CEACC0UNT,7,92380492-5303-4dab-9abd-20a64e1cdbab
,160,160,2743,Numbani,0,,1000-01-01 00:00:00,1000-01-01 00:00:00,PRACT1CEACC0UNT,7,92380492-5303-4dab-9abd-20a64e1cdbab
,161,161,2714,Hollywood,0,,1000-01-01 00:00:00,1000-01-01 00:00:00,PRACT1CEACC0UNT,7,92380492-5303-4dab-9abd-20a64e1cdbab
,162,162,2687,King's Row,0,,1000-01-01 00:00:00,1000-01-01 00:00:00,PRACT1CEACC0UNT,7,92380492-5303-4dab-9abd-20a64e1cdbab
,163,163,2706,Lijiang Tower,0,,1000-01-01 00:00:00,1000-01-01 00:00:00,PRACT1CEACC0UNT,7,92380492-5303-4dab-9abd-20a64e1cdbab
,164,164,2682,Junkertown,0,,1000-01-01 00:00:00,1000-01-01 00:00:00,PRACT1CEACC0UNT,7,92380492-5303-4dab-9abd-20a64e1cdbab
,165,165,2653,Watchpoint: Gibraltar,0,,1000-01-01 00:00:00,1000-01-01 00:00:00,PRACT1CEACC0UNT,7,92380492-5303-4dab-9abd-20a64e1cdbab
,166,166,2633,Horizon Lunar Colony,0,,1000-01-01 00:00:00,1000-01-01 00:00:00,PRACT1CEACC0UNT,7,92380492-5303-4dab-9abd-20a64e1cdbab
,167,167,2656,Volskaya Industries,0,,1000-01-01 00:00:00,1000-01-01 00:00:00,PRACT1CEACC0UNT,7,92380492-5303-4dab-9abd-20a64e1cdbab
,168,168,2636,King's Row,0,,1000-01-01 00:00:00,1000-01-01 00:00:00,PRACT1CEACC0UNT,7,92380492-5303-4dab-9abd-20a64e1cdbab
,169,169,2659,Hollywood,0,,1000-01-01 00:00:00,1000-01-01 00:00:00,PRACT1CEACC0UNT,7,92380492-5303-4dab-9abd-20a64e1cdbab
,170,170,2636,Lijiang Tower,0,,1000-01-01 00:00:00,1000-01-01 00:00:00,PRACT1CEACC0UNT,7,92380492-5303-4dab-9abd-20a64e1cdbab
,171,171,2658,Hollywood,0,,1000-01-01 00:00:00,1000-01-01 00:00:00,PRACT1CEACC0UNT,7,92380492-5303-4dab-9abd-20a64e1cdbab
,172,172,2637,Temple of Anubis,0,,1000-01-01 00:00:00,1000-01-01 00:00:00,PRACT1CEACC0UNT,7,92380492-5303-4dab-9abd-20a64e1cdbab
,173,173,2665,Nepal,0,,1000-01-01 00:00:00,1000-01-01 00:00:00,PRACT1CEACC0UNT,7,92380492-5303-4dab-9abd-20a64e1cdbab
,174,174,2686,Hanamura,0,,1000-01-01 00:00:00,1000-01-01 00:00:00,PRACT1CEACC0UNT,7,92380492-5303-4dab-9abd-20a64e1cdbab
,175,175,2710,Ilios,0,,1000-01-01 00:00:00,1000-01-01 00:00:00,PRACT1CEACC0UNT,7,92380492-5303-4dab-9abd-20a64e1cdbab
,176,176,2733,Junkertown,0,,1000-01-01 00:00:00,1000-01-01 00:00:00,PRACT1CEACC0UNT,7,92380492-5303-4dab-9abd-20a64e1cdbab
,177,177,2708,Hollywood,0,,1000-01-01 00:00:00,1000-01-01 00:00:00,PRACT1CEACC0UNT,7,92380492-5303-4dab-9abd-20a64e1cdbab
,178,178,2688,Temple of Anubis,0,,1000-01-01 00:00:00,1000-01-01 00:00:00,PRACT1CEACC0UNT,7,92380492-5303-4dab-9abd-20a64e1cdbab
,179,179,2712,Volskaya Industries,0,,1000-01-01 00:00:00,1000-01-01 00:00:00,PRACT1CEACC0UNT,7,92380492-5303-4dab-9abd-20a64e1cdbab
,180,180,2692,King's Row,0,,1000-01-01 00:00:00,1000-01-01 00:00:00,PRACT1CEACC0UNT,7,92380492-5303-4dab-9abd-20a64e1cdbab
,181,181,2717,Watchpoint: Gibraltar,0,,1000-01-01 00:00:00,1000-01-01 00:00:00,PRACT1CEACC0UNT,7,92380492-5303-4dab-9abd-20a64e1cdbab
,182,182,2693,Horizon Lunar Colony,0,,1000-01-01 00:00:00,1000-01-01 00:00:00,PRACT1CEACC0UNT,7,92380492-5303-4dab-9abd-20a64e1cdbab
,183,183,2710,Dorado,0,,1000-01-01 00:00:00,1000-01-01 00:00:00,PRACT1CEACC0UNT,7,92380492-5303-4dab-9abd-20a64e1cdbab
,184,184,2685,Junkertown,0,,1000-01-01 00:00:00,1000-01-01 00:00:00,PRACT1CEACC0UNT,7,92380492-5303-4dab-9abd-20a64e1cdbab
,185,185,2659,Lijiang Tower,0,,1000-01-01 00:00:00,1000-01-01 00:00:00,PRACT1CEACC0UNT,7,92380492-5303-4dab-9abd-20a64e1cdbab
,186,186,2637,Route 66,0,,1000-01-01 00:00:00,1000-01-01 00:00:00,PRACT1CEACC0UNT,7,92380492-5303-4dab-9abd-20a64e1cdbab
,187,187,2615,Oasis,0,,1000-01-01 00:00:00,1000-01-01 00:00:00,PRACT1CEACC0UNT,7,92380492-5303-4dab-9abd-20a64e1cdbab
,188,188,2615,Numbani,0,,1000-01-01 00:00:00,1000-01-01 00:00:00,PRACT1CEACC0UNT,7,92380492-5303-4dab-9abd-20a64e1cdbab
,189,189,2638,Dorado,0,,1000-01-01 00:00:00,1000-01-01 00:00:00,PRACT1CEACC0UNT,7,92380492-5303-4dab-9abd-20a64e1cdbab
,190,190,2638,Temple of Anubis,0,,1000-01-01 00:00:00,1000-01-01 00:00:00,PRACT1CEACC0UNT,7,92380492-5303-4dab-9abd-20a64e1cdbab
,191,191,2660,Nepal,0,,1000-01-01 00:00:00,1000-01-01 00:00:00,PRACT1CEACC0UNT,7,92380492-5303-4dab-9abd-20a64e1cdbab
,192,192,2660,Hanamura,0,,1000-01-01 00:00:00,1000-01-01 00:00:00,PRACT1CEACC0UNT,7,92380492-5303-4dab-9abd-20a64e1cdbab
,193,193,2681,Ilios,0,,1000-01-01 00:00:00,1000-01-01 00:00:00,PRACT1CEACC0UNT,7,92380492-5303-4dab-9abd-20a64e1cdbab
,194,194,2704,Oasis,0,,1000-01-01 00:00:00,1000-01-01 00:00:00,PRACT1CEACC0UNT,7,92380492-5303-4dab-9abd-20a64e1cdbab
,195,195,2728,Route 66,0,,1000-01-01 00:00:00,1000-01-01 00:00:00,PRACT1CEACC0UNT,7,92380492-5303-4dab-9abd-20a64e1cdbab
,196,196,2751,Hollywood,0,,1000-01-01 00:00:00,1000-01-01 00:00:00,PRACT1CEACC0UNT,7,92380492-5303-4dab-9abd-20a64e1cdbab
,197,197,2728,King's Row,0,,1000-01-01 00:00:00,1000-01-01 00:00:00,PRACT1CEACC0UNT,7,92380492-5303-4dab-9abd-20a64e1cdbab
,198,198,2752,Horizon Lunar Colony,0,,1000-01-01 00:00:00,1000-01-01 00:00:00,PRACT1CEACC0UNT,7,92380492-5303-4dab-9abd-20a64e1cdbab
,199,199,2729,Temple of Anubis,0,,1000-01-01 00:00:00,1000-01-01 00:00:00,PRACT1CEACC0UNT,7,92380492-5303-4dab-9abd-20a64e1cdbab
,200,200,2705,Nepal,0,,1000-01-01 00:00:00,1000-01-01 00:00:00,PRACT1CEACC0UNT,7,92380492-5303-4dab-9abd-20a64e1cdbab
,201,201,2733,Dorado,0,,1000-01-01 00:00:00,1000-01-01 00:00:00,PRACT1CEACC0UNT,7,92380492-5303-4dab-9abd-20a64e1cdbab
,202,202,2708,Junkertown,0,,1000-01-01 00:00:00,1000-01-01 00:00:00,PRACT1CEACC0UNT,7,92380492-5303-4dab-9abd-20a64e1cdbab
,203,203,2733,Lijiang Tower,0,,1000-01-01 00:00:00,1000-01-01 00:00:00,PRACT1CEACC0UNT,7,92380492-5303-4dab-9abd-20a64e1cdbab
,204,204,2733,Hanamura,0,,1000-01-01 00:00:00,1000-01-01 00:00:00,PRACT1CEACC0UNT,7,92380492-5303-4dab-9abd-20a64e1cdbab
,205,205,2711,Eichenwalde,0,,1000-01-01 00:00:00,1000-01-01 00:00:00,PRACT1CEACC0UNT,7,92380492-5303-4dab-9abd-20a64e1cdbab
,206,206,2730,Horizon Lunar Colony,0,,1000-01-01 00:00:00,1000-01-01 00:00:00,PRACT1CEACC0UNT,7,92380492-5303-4dab-9abd-20a64e1cdbab
,207,207,2759,Temple of Anubis,0,,1000-01-01 00:00:00,1000-01-01 00:00:00,PRACT1CEACC0UNT,7,92380492-5303-4dab-9abd-20a64e1cdbab
,208,208,2786,Nepal,0,,1000-01-01 00:00:00,1000-01-01 00:00:00,PRACT1CEACC0UNT,7,92380492-5303-4dab-9abd-20a64e1cdbab
,209,209,2807,Ilios,0,,1000-01-01 00:00:00,1000-01-01 00:00:00,PRACT1CEACC0UNT,7,92380492-5303-4dab-9abd-20a64e1cdbab
,210,210,2831,Eichenwalde,0,,1000-01-01 00:00:00,1000-01-01 00:00:00,PRACT1CEACC0UNT,7,92380492-5303-4dab-9abd-20a64e1cdbab
,211,211,2853,Junkertown,0,,1000-01-01 00:00:00,1000-01-01 00:00:00,PRACT1CEACC0UNT,7,92380492-5303-4dab-9abd-20a64e1cdbab
,212,212,2877,Oasis,0,,1000-01-01 00:00:00,1000-01-01 00:00:00,PRACT1CEACC0UNT,7,92380492-5303-4dab-9abd-20a64e1cdbab
,213,213,2855,Numbani,0,,1000-01-01 00:00:00,1000-01-01 00:00:00,PRACT1CEACC0UNT,7,92380492-5303-4dab-9abd-20a64e1cdbab
,214,214,2829,Hanamura,0,,1000-01-01 00:00:00,1000-01-01 00:00:00,PRACT1CEACC0UNT,7,92380492-5303-4dab-9abd-20a64e1cdbab
,215,215,2808,Watchpoint: Gibraltar,0,,1000-01-01 00:00:00,1000-01-01 00:00:00,PRACT1CEACC0UNT,7,92380492-5303-4dab-9abd-20a64e1cdbab
,216,216,2832,Route 66,0,,1000-01-01 00:00:00,1000-01-01 00:00:00,PRACT1CEACC0UNT,7,92380492-5303-4dab-9abd-20a64e1cdbab
,217,217,2858,Hollywood,0,,1000-01-01 00:00:00,1000-01-01 00:00:00,PRACT1CEACC0UNT,7,92380492-5303-4dab-9abd-20a64e1cdbab
,218,218,2879,Horizon Lunar Colony,0,,1000-01-01 00:00:00,1000-01-01 00:00:00,PRACT1CEACC0UNT,7,92380492-5303-4dab-9abd-20a64e1cdbab
,219,219,2905,Numbani,0,,1000-01-01 00:00:00,1000-01-01 00:00:00,PRACT1CEACC0UNT,7,92380492-5303-4dab-9abd-20a64e1cdbab
,220,220,2923,Temple of Anubis,0,,1000-01-01 00:00:00,1000-01-01 00:00:00,PRACT1CEACC0UNT,7,92380492-5303-4dab-9abd-20a64e1cdbab
,221,221,2894,Junkertown,0,,1000-01-01 00:00:00,1000-01-01 00:00:00,PRACT1CEACC0UNT,7,92380492-5303-4dab-9abd-20a64e1cdbab
,222,222,2917,Oasis,0,,1000-01-01 00:00:00,1000-01-01 00:00:00,PRACT1CEACC0UNT,7,92380492-5303-4dab-9abd-20a64e1cdbab
,223,223,2891,Route 66,0,,1000-01-01 00:00:00,1000-01-01 00:00:00,PRACT1CEACC0UNT,7,92380492-5303-4dab-9abd-20a64e1cdbab
,224,224,2921,Hollywood,0,,1000-01-01 00:00:00,1000-01-01 00:00:00,PRACT1CEACC0UNT,7,92380492-5303-4dab-9abd-20a64e1cdbab
,225,225,2892,Watchpoint: Gibraltar,0,,1000-01-01 00:00:00,1000-01-01 00:00:00,PRACT1CEACC0UNT,7,92380492-5303-4dab-9abd-20a64e1cdbab
,226,226,2869,Ilios,0,,1000-01-01 00:00:00,1000-01-01 00:00:00,PRACT1CEACC0UNT,7,92380492-5303-4dab-9abd-20a64e1cdbab
,227,227,2893,Junkertown,0,,1000-01-01 00:00:00,1000-01-01 00:00:00,PRACT1CEACC0UNT,7,92380492-5303-4dab-9abd-20a64e1cdbab
,228,228,2864,Eichenwalde,0,,1000-01-01 00:00:00,1000-01-01 00:00:00,PRACT1CEACC0UNT,7,92380492-5303-4dab-9abd-20a64e1cdbab
,229,229,2889,Dorado,0,,1000-01-01 00:00:00,1000-01-01 00:00:00,PRACT1CEACC0UNT,7,92380492-5303-4dab-9abd-20a64e1cdbab
,230,230,2865,Nepal,0,,1000-01-01 00:00:00,1000-01-01 00:00:00,PRACT1CEACC0UNT,7,92380492-5303-4dab-9abd-20a64e1cdbab
,231,231,2883,Watchpoint: Gibraltar,0,,1000-01-01 00:00:00,1000-01-01 00:00:00,PRACT1CEACC0UNT,7,92380492-5303-4dab-9abd-20a64e1cdbab
,232,232,2860,Volskaya Industries,0,,1000-01-01 00:00:00,1000-01-01 00:00:00,PRACT1CEACC0UNT,7,92380492-5303-4dab-9abd-20a64e1cdbab
,233,233,2837,Junkertown,0,,1000-01-01 00:00:00,1000-01-01 00:00:00,PRACT1CEACC0UNT,7,92380492-5303-4dab-9abd-20a64e1cdbab
,234,234,2814,Temple of Anubis,0,,1000-01-01 00:00:00,1000-01-01 00:00:00,PRACT1CEACC0UNT,7,92380492-5303-4dab-9abd-20a64e1cdbab
,235,235,2838,King's Row,0,,1000-01-01 00:00:00,1000-01-01 00:00:00,PRACT1CEACC0UNT,7,92380492-5303-4dab-9abd-20a64e1cdbab
,236,236,2815,Dorado,0,,1000-01-01 00:00:00,1000-01-01 00:00:00,PRACT1CEACC0UNT,7,92380492-5303-4dab-9abd-20a64e1cdbab
,237,237,2836,Route 66,0,,1000-01-01 00:00:00,1000-01-01 00:00:00,PRACT1CEACC0UNT,7,92380492-5303-4dab-9abd-20a64e1cdbab
,238,238,2855,Temple of Anubis,0,,1000-01-01 00:00:00,1000-01-01 00:00:00,PRACT1CEACC0UNT,7,92380492-5303-4dab-9abd-20a64e1cdbab
,239,239,2878,Watchpoint: Gibraltar,0,,1000-01-01 00:00:00,1000-01-01 00:00:00,PRACT1CEACC0UNT,7,92380492-5303-4dab-9abd-20a64e1cdbab
,240,240,2901,Ilios,0,,1000-01-01 00:00:00,1000-01-01 00:00:00,PRACT1CEACC0UNT,7,92380492-5303-4dab-9abd-20a64e1cdbab
,241,241,2878,King's Row,0,,1000-01-01 00:00:00,1000-01-01 00:00:00,PRACT1CEACC0UNT,7,92380492-5303-4dab-9abd-20a64e1cdbab
,242,242,2852,Junkertown,0,,1000-01-01 00:00:00,1000-01-01 00:00:00,PRACT1CEACC0UNT,7,92380492-5303-4dab-9abd-20a64e1cdbab
,243,243,2881,Volskaya Industries,0,,1000-01-01 00:00:00,1000-01-01 00:00:00,PRACT1CEACC0UNT,7,92380492-5303-4dab-9abd-20a64e1cdbab
,244,244,2907,Horizon Lunar Colony,0,,1000-01-01 00:00:00,1000-01-01 00:00:00,PRACT1CEACC0UNT,7,92380492-5303-4dab-9abd-20a64e1cdbab
,245,245,2931,Ilios,0,,1000-01-01 00:00:00,1000-01-01 00:00:00,PRACT1CEACC0UNT,7,92380492-5303-4dab-9abd-20a64e1cdbab
,246,246,2910,Temple of Anubis,0,,1000-01-01 00:00:00,1000-01-01 00:00:00,PRACT1CEACC0UNT,7,92380492-5303-4dab-9abd-20a64e1cdbab
,247,247,2885,Eichenwalde,0,,1000-01-01 00:00:00,1000-01-01 00:00:00,PRACT1CEACC0UNT,7,92380492-5303-4dab-9abd-20a64e1cdbab
,248,248,2864,Hollywood,0,,1000-01-01 00:00:00,1000-01-01 00:00:00,PRACT1CEACC0UNT,7,92380492-5303-4dab-9abd-20a64e1cdbab
,249,249,2841,Horizon Lunar Colony,0,,1000-01-01 00:00:00,1000-01-01 00:00:00,PRACT1CEACC0UNT,7,92380492-5303-4dab-9abd-20a64e1cdbab
,250,250,2817,Nepal,0,,1000-01-01 00:00:00,1000-01-01 00:00:00,PRACT1CEACC0UNT,7,92380492-5303-4dab-9abd-20a64e1cdbab
,251,251,2833,Oasis,0,,1000-01-01 00:00:00,1000-01-01 00:00:00,PRACT1CEACC0UNT,7,92380492-5303-4dab-9abd-20a64e1cdbab
,252,252,2854,Volskaya Industries,0,,1000-01-01 00:00:00,1000-01-01 00:00:00,PRACT1CEACC0UNT,7,92380492-5303-4dab-9abd-20a64e1cdbab
,253,253,2877,Junkertown,0,,1000-01-01 00:00:00,1000-01-01 00:00:00,PRACT1CEACC0UNT,7,92380492-5303-4dab-9abd-20a64e1cdbab
,254,254,2903,Dorado,0,,1000-01-01 00:00:00,1000-01-01 00:00:00,PRACT1CEACC0UNT,7,92380492-5303-4dab-9abd-20a64e1cdbab
,255,255,2877,King's Row,0,,1000-01-01 00:00:00,1000-01-01 00:00:00,PRACT1CEACC0UNT,7,92380492-5303-4dab-9abd-20a64e1cdbab
,256,256,2897,Lijiang Tower,0,,1000-01-01 00:00:00,1000-01-01 00:00:00,PRACT1CEACC0UNT,7,92380492-5303-4dab-9abd-20a64e1cdbab
,257,257,2921,Watchpoint: Gibraltar,0,,1000-01-01 00:00:00,1000-01-01 00:00:00,PRACT1CEACC0UNT,7,92380492-5303-4dab-9abd-20a64e1cdbab
,258,258,2944,Hollywood,0,,1000-01-01 00:00:00,1000-01-01 00:00:00,PRACT1CEACC0UNT,7,92380492-5303-4dab-9abd-20a64e1cdbab
,259,259,2966,Nepal,0,,1000-01-01 00:00:00,1000-01-01 00:00:00,PRACT1CEACC0UNT,7,92380492-5303-4dab-9abd-20a64e1cdbab
,260,260,2989,Eichenwalde,0,,1000-01-01 00:00:00,1000-01-01 00:00:00,PRACT1CEACC0UNT,7,92380492-5303-4dab-9abd-20a64e1cdbab
,261,261,2965,Oasis,0,,1000-01-01 00:00:00,1000-01-01 00:00:00,PRACT1CEACC0UNT,7,92380492-5303-4dab-9abd-20a64e1cdbab
,262,262,2984,Ilios,0,,1000-01-01 00:00:00,1000-01-01 00:00:00,PRACT1CEACC0UNT,7,92380492-5303-4dab-9abd-20a64e1cdbab
,263,263,3008,Horizon Lunar Colony,0,,1000-01-01 00:00:00,1000-01-01 00:00:00,PRACT1CEACC0UNT,7,92380492-5303-4dab-9abd-20a64e1cdbab
,264,264,2984,Route 66,0,,1000-01-01 00:00:00,1000-01-01 00:00:00,PRACT1CEACC0UNT,7,92380492-5303-4dab-9abd-20a64e1cdbab
,265,265,2962,Watchpoint: Gibraltar,0,,1000-01-01 00:00:00,1000-01-01 00:00:00,PRACT1CEACC0UNT,7,92380492-5303-4dab-9abd-20a64e1cdbab
,266,266,2983,Dorado,0,,1000-01-01 00:00:00,1000-01-01 00:00:00,PRACT1CEACC0UNT,7,92380492-5303-4dab-9abd-20a64e1cdbab
,267,267,3001,Volskaya Industries,0,,1000-01-01 00:00:00,1000-01-01 00:00:00,PRACT1CEACC0UNT,7,92380492-5303-4dab-9abd-20a64e1cdbab
,268,268,2971,Nepal,0,,1000-01-01 00:00:00,1000-01-01 00:00:00,PRACT1CEACC0UNT,7,92380492-5303-4dab-9abd-20a64e1cdbab
,269,269,2997,Numbani,0,,1000-01-01 00:00:00,1000-01-01 00:00:00,PRACT1CEACC0UNT,7,92380492-5303-4dab-9abd-20a64e1cdbab
,270,270,2970,Lijiang Tower,0,,1000-01-01 00:00:00,1000-01-01 00:00:00,PRACT1CEACC0UNT,7,92380492-5303-4dab-9abd-20a64e1cdbab
,271,271,2946,Hollywood,0,,1000-01-01 00:00:00,1000-01-01 00:00:00,PRACT1CEACC0UNT,7,92380492-5303-4dab-9abd-20a64e1cdbab
,272,272,2920,Oasis,0,,1000-01-01 00:00:00,1000-01-01 00:00:00,PRACT1CEACC0UNT,7,92380492-5303-4dab-9abd-20a64e1cdbab
,273,273,2945,Horizon Lunar Colony,0,,1000-01-01 00:00:00,1000-01-01 00:00:00,PRACT1CEACC0UNT,7,92380492-5303-4dab-9abd-20a64e1cdbab
,274,274,2922,Temple of Anubis,0,,1000-01-01 00:00:00,1000-01-01 00:00:00,PRACT1CEACC0UNT,7,92380492-5303-4dab-9abd-20a64e1cdbab
,275,275,2900,Temple of Anubis,0,,1000-01-01 00:00:00,1000-01-01 00:00:00,PRACT1CEACC0UNT,7,92380492-5303-4dab-9abd-20a64e1cdbab
,276,276,2925,Hanamura,0,,1000-01-01 00:00:00,1000-01-01 00:00:00,PRACT1CEACC0UNT,7,92380492-5303-4dab-9abd-20a64e1cdbab
,277,277,2951,King's Row,0,,1000-01-01 00:00:00,1000-01-01 00:00:00,PRACT1CEACC0UNT,7,92380492-5303-4dab-9abd-20a64e1cdbab
,278,278,2922,Hanamura,0,,1000-01-01 00:00:00,1000-01-01 00:00:00,PRACT1CEACC0UNT,7,92380492-5303-4dab-9abd-20a64e1cdbab
,279,279,2899,Numbani,0,,1000-01-01 00:00:00,1000-01-01 00:00:00,PRACT1CEACC0UNT,7,92380492-5303-4dab-9abd-20a64e1cdbab
,280,280,2873,Temple of Anubis,0,,1000-01-01 00:00:00,1000-01-01 00:00:00,PRACT1CEACC0UNT,7,92380492-5303-4dab-9abd-20a64e1cdbab
,281,281,2897,Horizon Lunar Colony,0,,1000-01-01 00:00:00,1000-01-01 00:00:00,PRACT1CEACC0UNT,7,92380492-5303-4dab-9abd-20a64e1cdbab
,282,282,2874,Dorado,0,,1000-01-01 00:00:00,1000-01-01 00:00:00,PRACT1CEACC0UNT,7,92380492-5303-4dab-9abd-20a64e1cdbab
,283,283,2896,Eichenwalde,0,,1000-01-01 00:00:00,1000-01-01 00:00:00,PRACT1CEACC0UNT,7,92380492-5303-4dab-9abd-20a64e1cdbab
,284,284,2913,Nepal,0,,1000-01-01 00:00:00,1000-01-01 00:00:00,PRACT1CEACC0UNT,7,92380492-5303-4dab-9abd-20a64e1cdbab
,285,285,2938,Ilios,0,,1000-01-01 00:00:00,1000-01-01 00:00:00,PRACT1CEACC0UNT,7,92380492-5303-4dab-9abd-20a64e1cdbab
,286,286,2959,Numbani,0,,1000-01-01 00:00:00,1000-01-01 00:00:00,PRACT1CEACC0UNT,7,92380492-5303-4dab-9abd-20a64e1cdbab
,287,287,2982,Horizon Lunar Colony,0,,1000-01-01 00:00:00,1000-01-01 00:00:00,PRACT1CEACC0UNT,7,92380492-5303-4dab-9abd-20a64e1cdbab
,288,288,2998,Hollywood,0,,1000-01-01 00:00:00,1000-01-01 00:00:00,PRACT1CEACC0UNT,7,92380492-5303-4dab-9abd-20a64e1cdbab
,289,289,3022,Volskaya Industries,0,,1000-01-01 00:00:00,1000-01-01 00:00:00,PRACT1CEACC0UNT,7,92380492-5303-4dab-9abd-20a64e1cdbab
,290,290,2996,Hanamura,0,,1000-01-01 00:00:00,1000-01-01 00:00:00,PRACT1CEACC0UNT,7,92380492-5303-4dab-9abd-20a64e1cdbab
,291,291,2971,Oasis,0,,1000-01-01 00:00:00,1000-01-01 00:00:00,PRACT1CEACC0UNT,7,92380492-5303-4dab-9abd-20a64e1cdbab
,292,292,2943,Route 66,0,,1000-01-01 00:00:00,1000-01-01 00:00:00,PRACT1CEACC0UNT,7,92380492-5303-4dab-9abd-20a64e1cdbab
,293,293,2966,Lijiang Tower,0,,1000-01-01 00:00:00,1000-01-01 00:00:00,PRACT1CEACC0UNT,7,92380492-5303-4dab-9abd-20a64e1cdbab
,294,294,2987,Horizon Lunar Colony,0,,1000-01-01 00:00:00,1000-01-01 00:00:00,PRACT1CEACC0UNT,7,92380492-5303-4dab-9abd-20a64e1cdbab
,295,295,3007,Ilios,0,,1000-01-01 00:00:00,1000-01-01 00:00:00,PRACT1CEACC0UNT,7,92380492-5303-4dab-9abd-20a64e1cdbab
,296,296,2978,Junkertown,0,,1000-01-01 00:00:00,1000-01-01 00:00:00,PRACT1CEACC0UNT,7,92380492-5303-4dab-9abd-20a64e1cdbab
,297,297,3002,Numbani,0,,1000-01-01 00:00:00,1000-01-01 00:00:00,PRACT1CEACC0UNT,7,92380492-5303-4dab-9abd-20a64e1cdbab
,298,298,3028,Eichenwalde,0,,1000-01-01 00:00:00,1000-01-01 00:00:00,PRACT1CEACC0UNT,7,92380492-5303-4dab-9abd-20a64e1cdbab
,299,299,3003,Watchpoint: Gibraltar,0,,1000-01-01 00:00:00,1000-01-01 00:00:00,PRACT1CEACC0UNT,7,92380492-5303-4dab-9abd-20a64e1cdbab
,300,300,2976,Route 66,0,,1000-01-01 00:00:00,1000-01-01 00:00:00,PRACT1CEACC0UNT,7,92380492-5303-4dab-9abd-20a64e1cdbab
,301,301,2948,Junkertown,0,,1000-01-01 00:00:00,1000-01-01 00:00:00,PRACT1CEACC0UNT,7,92380492-5303-4dab-9abd-20a64e1cdbab
,302,302,2923,Lijiang Tower,0,,1000-01-01 00:00:00,1000-01-01 00:00:00,PRACT1CEACC0UNT,7,92380492-5303-4dab-9abd-20a64e1cdbab
,303,303,2943,Ilios,0,,1000-01-01 00:00:00,1000-01-01 00:00:00,PRACT1CEACC0UNT,7,92380492-5303-4dab-9abd-20a64e1cdbab
,304,304,2915,Temple of Anubis,0,,1000-01-01 00:00:00,1000-01-01 00:00:00,PRACT1CEACC0UNT,7,92380492-5303-4dab-9abd-20a64e1cdbab
,305,305,2894,Hanamura,0,,1000-01-01 00:00:00,1000-01-01 00:00:00,PRACT1CEACC0UNT,7,92380492-5303-4dab-9abd-20a64e1cdbab
,306,306,2864,King's Row,0,,1000-01-01 00:00:00,1000-01-01 00:00:00,PRACT1CEACC0UNT,7,92380492-5303-4dab-9abd-20a64e1cdbab
,307,307,2842,Lijiang Tower,0,,1000-01-01 00:00:00,1000-01-01 00:00:00,PRACT1CEACC0UNT,7,92380492-5303-4dab-9abd-20a64e1cdbab
,308,308,2864,Volskaya Industries,0,,1000-01-01 00:00:00,1000-01-01 00:00:00,PRACT1CEACC0UNT,7,92380492-5303-4dab-9abd-20a64e1cdbab
,309,309,2864,Temple of Anubis,0,,1000-01-01 00:00:00,1000-01-01 00:00:00,PRACT1CEACC0UNT,7,92380492-5303-4dab-9abd-20a64e1cdbab
,310,310,2893,Eichenwalde,0,,1000-01-01 00:00:00,1000-01-01 00:00:00,PRACT1CEACC0UNT,7,92380492-5303-4dab-9abd-20a64e1cdbab
,311,311,2869,Lijiang Tower,0,,1000-01-01 00:00:00,1000-01-01 00:00:00,PRACT1CEACC0UNT,7,92380492-5303-4dab-9abd-20a64e1cdbab
,312,312,2884,Oasis,0,,1000-01-01 00:00:00,1000-01-01 00:00:00,PRACT1CEACC0UNT,7,92380492-5303-4dab-9abd-20a64e1cdbab
,313,313,2863,Dorado,0,,1000-01-01 00:00:00,1000-01-01 00:00:00,PRACT1CEACC0UNT,7,92380492-5303-4dab-9abd-20a64e1cdbab
,314,314,2887,Route 66,0,,1000-01-01 00:00:00,1000-01-01 00:00:00,PRACT1CEACC0UNT,7,92380492-5303-4dab-9abd-20a64e1cdbab
,315,315,2912,Hanamura,0,,1000-01-01 00:00:00,1000-01-01 00:00:00,PRACT1CEACC0UNT,7,92380492-5303-4dab-9abd-20a64e1cdbab
,316,316,2935,Nepal,0,,1000-01-01 00:00:00,1000-01-01 00:00:00,PRACT1CEACC0UNT,7,92380492-5303-4dab-9abd-20a64e1cdbab
,317,317,2907,Ilios,0,,1000-01-01 00:00:00,1000-01-01 00:00:00,PRACT1CEACC0UNT,7,92380492-5303-4dab-9abd-20a64e1cdbab
,318,318,2881,King's Row,0,,1000-01-01 00:00:00,1000-01-01 00:00:00,PRACT1CEACC0UNT,7,92380492-5303-4dab-9abd-20a64e1cdbab
,319,319,2860,Ilios,0,,1000-01-01 00:00:00,1000-01-01 00:00:00,PRACT1CEACC0UNT,7,92380492-5303-4dab-9abd-20a64e1cdbab
,320,320,2884,Watchpoint: Gibraltar,0,,1000-01-01 00:00:00,1000-01-01 00:00:00,PRACT1CEACC0UNT,7,92380492-5303-4dab-9abd-20a64e1cdbab
,321,321,2910,Route 66,0,,1000-01-01 00:00:00,1000-01-01 00:00:00,PRACT1CEACC0UNT,7,92380492-5303-4dab-9abd-20a64e1cdbab
,322,322,2883,Hanamura,0,,1000-01-01 00:00:00,1000-01-01 00:00:00,PRACT1CEACC0UNT,7,92380492-5303-4dab-9abd-20a64e1cdbab
,323,323,2859,Volskaya Industries,0,,1000-01-01 00:00:00,1000-01-01 00:00:00,PRACT1CEACC0UNT,7,92380492-5303-4dab-9abd-20a64e1cdbab
,324,324,2880,Lijiang Tower,0,,1000-01-01 00:00:00,1000-01-01 00:00:00,PRACT1CEACC0UNT,7,92380492-5303-4dab-9abd-20a64e1cdbab
,325,325,2862,Route 66,0,,1000-01-01 00:00:00,1000-01-01 00:00:00,PRACT1CEACC0UNT,7,92380492-5303-4dab-9abd-20a64e1cdbab
,326,326,2838,Numbani,0,,1000-01-01 00:00:00,1000-01-01 00:00:00,PRACT1CEACC0UNT,7,92380492-5303-4dab-9abd-20a64e1cdbab
,327,327,2815,Hollywood,0,,1000-01-01 00:00:00,1000-01-01 00:00:00,PRACT1CEACC0UNT,7,92380492-5303-4dab-9abd-20a64e1cdbab
,328,328,2790,Temple of Anubis,0,,1000-01-01 00:00:00,1000-01-01 00:00:00,PRACT1CEACC0UNT,7,92380492-5303-4dab-9abd-20a64e1cdbab
,329,329,2810,Watchpoint: Gibraltar,0,,1000-01-01 00:00:00,1000-01-01 00:00:00,PRACT1CEACC0UNT,7,92380492-5303-4dab-9abd-20a64e1cdbab
,330,330,2789,King's Row,0,,1000-01-01 00:00:00,1000-01-01 00:00:00,PRACT1CEACC0UNT,7,92380492-5303-4dab-9abd-20a64e1cdbab
,331,331,2815,Oasis,0,,1000-01-01 00:00:00,1000-01-01 00:00:00,PRACT1CEACC0UNT,7,92380492-5303-4dab-9abd-20a64e1cdbab
,332,332,2792,Hanamura,0,,1000-01-01 00:00:00,1000-01-01 00:00:00,PRACT1CEACC0UNT,7,92380492-5303-4dab-9abd-20a64e1cdbab
,333,333,2814,Hollywood,0,,1000-01-01 00:00:00,1000-01-01 00:00:00,PRACT1CEACC0UNT,7,92380492-5303-4dab-9abd-20a64e1cdbab
,334,334,2791,Junkertown,0,,1000-01-01 00:00:00,1000-01-01 00:00:00,PRACT1CEACC0UNT,7,92380492-5303-4dab-9abd-20a64e1cdbab
,335,335,2815,Nepal,0,,1000-01-01 00:00:00,1000-01-01 00:00:00,PRACT1CEACC0UNT,7,92380492-5303-4dab-9abd-20a64e1cdbab
,336,336,2793,Route 66,0,,1000-01-01 00:00:00,1000-01-01 00:00:00,PRACT1CEACC0UNT,7,92380492-5303-4dab-9abd-20a64e1cdbab
,337,337,2816,Dorado,0,,1000-01-01 00:00:00,1000-01-01 00:00:00,PRACT1CEACC0UNT,7,92380492-5303-4dab-9abd-20a64e1cdbab
,338,338,2790,Eichenwalde,0,,1000-01-01 00:00:00,1000-01-01 00:00:00,PRACT1CEACC0UNT,7,92380492-5303-4dab-9abd-20a64e1cdbab
,339,339,2812,Hanamura,0,,1000-01-01 00:00:00,1000-01-01 00:00:00,PRACT1CEACC0UNT,7,92380492-5303-4dab-9abd-20a64e1cdbab
,340,340,2837,Horizon Lunar Colony,0,,1000-01-01 00:00:00,1000-01-01 00:00:00,PRACT1CEACC0UNT,7,92380492-5303-4dab-9abd-20a64e1cdbab
,341,1,2837,Placements,1,W,1000-01-01 00:00:00,1000-01-01 00:00:00,PRACT1CEACC0UNT,8,92380492-5303-4dab-9abd-20a64e1cdbab
,342,2,2837,Placements,1,W,1000-01-01 00:00:00,1000-01-01 00:00:00,PRACT1CEACC0UNT,8,92380492-5303-4dab-9abd-20a64e1cdbab
,343,3,2837,Placements,1,W,1000-01-01 00:00:00,1000-01-01 00:00:00,PRACT1CEACC0UNT,8,92380492-5303-4dab-9abd-20a64e1cdbab
,344,4,2837,Placements,1,W,1000-01-01 00:00:00,1000-01-01 00:00:00,PRACT1CEACC0UNT,8,92380492-5303-4dab-9abd-20a64e1cdbab
,345,5,2837,Placements,1,W,1000-01-01 00:00:00,1000-01-01 00:00:00,PRACT1CEACC0UNT,8,92380492-5303-4dab-9abd-20a64e1cdbab
,346,6,2837,Placements,1,L,1000-01-01 00:00:00,1000-01-01 00:00:00,PRACT1CEACC0UNT,8,92380492-5303-4dab-9abd-20a64e1cdbab
,347,7,2837,Placements,1,L,1000-01-01 00:00:00,1000-01-01 00:00:00,PRACT1CEACC0UNT,8,92380492-5303-4dab-9abd-20a64e1cdbab
,348,8,2837,Placements,1,L,1000-01-01 00:00:00,1000-01-01 00:00:00,PRACT1CEACC0UNT,8,92380492-5303-4dab-9abd-20a64e1cdbab
,349,9,2837,Placements,1,L,1000-01-01 00:00:00,1000-01-01 00:00:00,PRACT1CEACC0UNT,8,92380492-5303-4dab-9abd-20a64e1cdbab
,350,10,2846,Placements,1,D,1000-01-01 00:00:00,1000-01-01 00:00:00,PRACT1CEACC0UNT,8,92380492-5303-4dab-9abd-20a64e1cdbab
,351,11,2869,Ilios,0,,1000-01-01 00:00:00,1000-01-01 00:00:00,PRACT1CEACC0UNT,8,92380492-5303-4dab-9abd-20a64e1cdbab
,352,12,2893,King's Row,0,,1000-01-01 00:00:00,1000-01-01 00:00:00,PRACT1CEACC0UNT,8,92380492-5303-4dab-9abd-20a64e1cdbab
,353,13,2915,Volskaya Industries,0,,1000-01-01 00:00:00,1000-01-01 00:00:00,PRACT1CEACC0UNT,8,92380492-5303-4dab-9abd-20a64e1cdbab
,354,14,2938,Dorado,0,,1000-01-01 00:00:00,1000-01-01 00:00:00,PRACT1CEACC0UNT,8,92380492-5303-4dab-9abd-20a64e1cdbab
,355,15,2914,Watchpoint: Gibraltar,0,,1000-01-01 00:00:00,1000-01-01 00:00:00,PRACT1CEACC0UNT,8,92380492-5303-4dab-9abd-20a64e1cdbab
,356,16,2893,Hanamura,0,,1000-01-01 00:00:00,1000-01-01 00:00:00,PRACT1CEACC0UNT,8,92380492-5303-4dab-9abd-20a64e1cdbab
,357,17,2917,Temple of Anubis,0,,1000-01-01 00:00:00,1000-01-01 00:00:00,PRACT1CEACC0UNT,8,92380492-5303-4dab-9abd-20a64e1cdbab
,358,18,2945,Junkertown,0,,1000-01-01 00:00:00,1000-01-01 00:00:00,PRACT1CEACC0UNT,8,92380492-5303-4dab-9abd-20a64e1cdbab
,359,19,2970,Lijiang Tower,0,,1000-01-01 00:00:00,1000-01-01 00:00:00,PRACT1CEACC0UNT,8,92380492-5303-4dab-9abd-20a64e1cdbab
,360,20,2946,Route 66,0,,1000-01-01 00:00:00,1000-01-01 00:00:00,PRACT1CEACC0UNT,8,92380492-5303-4dab-9abd-20a64e1cdbab
,361,21,2928,Nepal,0,,1000-01-01 00:00:00,1000-01-01 00:00:00,PRACT1CEACC0UNT,8,92380492-5303-4dab-9abd-20a64e1cdbab
,362,22,2952,Ilios,0,,1000-01-01 00:00:00,1000-01-01 00:00:00,PRACT1CEACC0UNT,8,92380492-5303-4dab-9abd-20a64e1cdbab
,363,23,2928,Eichenwalde,0,,1000-01-01 00:00:00,1000-01-01 00:00:00,PRACT1CEACC0UNT,8,92380492-5303-4dab-9abd-20a64e1cdbab
,364,24,2928,Temple of Anubis,0,,1000-01-01 00:00:00,1000-01-01 00:00:00,PRACT1CEACC0UNT,8,92380492-5303-4dab-9abd-20a64e1cdbab
,365,25,2904,Watchpoint: Gibraltar,0,,1000-01-01 00:00:00,1000-01-01 00:00:00,PRACT1CEACC0UNT,8,92380492-5303-4dab-9abd-20a64e1cdbab
,366,26,2879,Oasis,0,,1000-01-01 00:00:00,1000-01-01 00:00:00,PRACT1CEACC0UNT,8,92380492-5303-4dab-9abd-20a64e1cdbab
,367,27,2903,Volskaya Industries,0,,1000-01-01 00:00:00,1000-01-01 00:00:00,PRACT1CEACC0UNT,8,92380492-5303-4dab-9abd-20a64e1cdbab
,368,28,2879,Dorado,0,,1000-01-01 00:00:00,1000-01-01 00:00:00,PRACT1CEACC0UNT,8,92380492-5303-4dab-9abd-20a64e1cdbab
,369,29,2856,Ilios,0,,1000-01-01 00:00:00,1000-01-01 00:00:00,PRACT1CEACC0UNT,8,92380492-5303-4dab-9abd-20a64e1cdbab
,370,30,2832,Hanamura,0,,1000-01-01 00:00:00,1000-01-01 00:00:00,PRACT1CEACC0UNT,8,92380492-5303-4dab-9abd-20a64e1cdbab
,371,31,2807,Numbani,0,,1000-01-01 00:00:00,1000-01-01 00:00:00,PRACT1CEACC0UNT,8,92380492-5303-4dab-9abd-20a64e1cdbab
,372,32,2830,Oasis,0,,1000-01-01 00:00:00,1000-01-01 00:00:00,PRACT1CEACC0UNT,8,92380492-5303-4dab-9abd-20a64e1cdbab
,373,33,2852,Temple of Anubis,0,,1000-01-01 00:00:00,1000-01-01 00:00:00,PRACT1CEACC0UNT,8,92380492-5303-4dab-9abd-20a64e1cdbab
,374,34,2875,King's Row,0,,1000-01-01 00:00:00,1000-01-01 00:00:00,PRACT1CEACC0UNT,8,92380492-5303-4dab-9abd-20a64e1cdbab
,375,35,2849,Watchpoint: Gibraltar,0,,1000-01-01 00:00:00,1000-01-01 00:00:00,PRACT1CEACC0UNT,8,92380492-5303-4dab-9abd-20a64e1cdbab
,376,36,2824,Route 66,0,,1000-01-01 00:00:00,1000-01-01 00:00:00,PRACT1CEACC0UNT,8,92380492-5303-4dab-9abd-20a64e1cdbab
,377,37,2849,King's Row,0,,1000-01-01 00:00:00,1000-01-01 00:00:00,PRACT1CEACC0UNT,8,92380492-5303-4dab-9abd-20a64e1cdbab
,378,38,2872,Horizon Lunar Colony,0,,1000-01-01 00:00:00,1000-01-01 00:00:00,PRACT1CEACC0UNT,8,92380492-5303-4dab-9abd-20a64e1cdbab
,379,39,2848,Lijiang Tower,0,,1000-01-01 00:00:00,1000-01-01 00:00:00,PRACT1CEACC0UNT,8,92380492-5303-4dab-9abd-20a64e1cdbab
,380,40,2823,Volskaya Industries,0,,1000-01-01 00:00:00,1000-01-01 00:00:00,PRACT1CEACC0UNT,8,92380492-5303-4dab-9abd-20a64e1cdbab
,381,41,2844,Numbani,0,,1000-01-01 00:00:00,1000-01-01 00:00:00,PRACT1CEACC0UNT,8,92380492-5303-4dab-9abd-20a64e1cdbab
,382,42,2868,Hollywood,0,,1000-01-01 00:00:00,1000-01-01 00:00:00,PRACT1CEACC0UNT,8,92380492-5303-4dab-9abd-20a64e1cdbab
,383,43,2893,Hanamura,0,,1000-01-01 00:00:00,1000-01-01 00:00:00,PRACT1CEACC0UNT,8,92380492-5303-4dab-9abd-20a64e1cdbab
,384,44,2868,Temple of Anubis,0,,1000-01-01 00:00:00,1000-01-01 00:00:00,PRACT1CEACC0UNT,8,92380492-5303-4dab-9abd-20a64e1cdbab
,385,45,2892,Route 66,0,,1000-01-01 00:00:00,1000-01-01 00:00:00,PRACT1CEACC0UNT,8,92380492-5303-4dab-9abd-20a64e1cdbab
,386,46,2914,Nepal,0,,1000-01-01 00:00:00,1000-01-01 00:00:00,PRACT1CEACC0UNT,8,92380492-5303-4dab-9abd-20a64e1cdbab
,387,47,2890,Oasis,0,,1000-01-01 00:00:00,1000-01-01 00:00:00,PRACT1CEACC0UNT,8,92380492-5303-4dab-9abd-20a64e1cdbab
,388,48,2912,Numbani,0,,1000-01-01 00:00:00,1000-01-01 00:00:00,PRACT1CEACC0UNT,8,92380492-5303-4dab-9abd-20a64e1cdbab
,389,49,2887,Dorado,0,,1000-01-01 00:00:00,1000-01-01 00:00:00,PRACT1CEACC0UNT,8,92380492-5303-4dab-9abd-20a64e1cdbab
,390,50,2908,Ilios,0,,1000-01-01 00:00:00,1000-01-01 00:00:00,PRACT1CEACC0UNT,8,92380492-5303-4dab-9abd-20a64e1cdbab
,391,51,2882,Junkertown,0,,1000-01-01 00:00:00,1000-01-01 00:00:00,PRACT1CEACC0UNT,8,92380492-5303-4dab-9abd-20a64e1cdbab
,392,52,2904,King's Row,0,,1000-01-01 00:00:00,1000-01-01 00:00:00,PRACT1CEACC0UNT,8,92380492-5303-4dab-9abd-20a64e1cdbab
,393,53,2926,Horizon Lunar Colony,0,,1000-01-01 00:00:00,1000-01-01 00:00:00,PRACT1CEACC0UNT,8,92380492-5303-4dab-9abd-20a64e1cdbab
,394,54,2901,Watchpoint: Gibraltar,0,,1000-01-01 00:00:00,1000-01-01 00:00:00,PRACT1CEACC0UNT,8,92380492-5303-4dab-9abd-20a64e1cdbab
,395,55,2924,Hanamura,0,,1000-01-01 00:00:00,1000-01-01 00:00:00,PRACT1CEACC0UNT,8,92380492-5303-4dab-9abd-20a64e1cdbab
,396,56,2898,Hollywood,0,,1000-01-01 00:00:00,1000-01-01 00:00:00,PRACT1CEACC0UNT,8,92380492-5303-4dab-9abd-20a64e1cdbab
,397,57,2921,Oasis,0,,1000-01-01 00:00:00,1000-01-01 00:00:00,PRACT1CEACC0UNT,8,92380492-5303-4dab-9abd-20a64e1cdbab
,398,58,2896,Temple of Anubis,0,,1000-01-01 00:00:00,1000-01-01 00:00:00,PRACT1CEACC0UNT,8,92380492-5303-4dab-9abd-20a64e1cdbab
,399,59,2918,Ilios,0,,1000-01-01 00:00:00,1000-01-01 00:00:00,PRACT1CEACC0UNT,8,92380492-5303-4dab-9abd-20a64e1cdbab
,400,60,2894,Lijiang Tower,0,,1000-01-01 00:00:00,1000-01-01 00:00:00,PRACT1CEACC0UNT,8,92380492-5303-4dab-9abd-20a64e1cdbab
,401,61,2918,Eichenwalde,0,,1000-01-01 00:00:00,1000-01-01 00:00:00,PRACT1CEACC0UNT,8,92380492-5303-4dab-9abd-20a64e1cdbab
,402,62,2940,Route 66,0,,1000-01-01 00:00:00,1000-01-01 00:00:00,PRACT1CEACC0UNT,8,92380492-5303-4dab-9abd-20a64e1cdbab
,403,63,2961,Volskaya Industries,0,,1000-01-01 00:00:00,1000-01-01 00:00:00,PRACT1CEACC0UNT,8,92380492-5303-4dab-9abd-20a64e1cdbab
,404,64,2937,Dorado,0,,1000-01-01 00:00:00,1000-01-01 00:00:00,PRACT1CEACC0UNT,8,92380492-5303-4dab-9abd-20a64e1cdbab
,405,65,2959,Dorado,0,,1000-01-01 00:00:00,1000-01-01 00:00:00,PRACT1CEACC0UNT,8,92380492-5303-4dab-9abd-20a64e1cdbab
,406,66,2935,Volskaya Industries,0,,1000-01-01 00:00:00,1000-01-01 00:00:00,PRACT1CEACC0UNT,8,92380492-5303-4dab-9abd-20a64e1cdbab
,407,67,2910,Horizon Lunar Colony,0,,1000-01-01 00:00:00,1000-01-01 00:00:00,PRACT1CEACC0UNT,8,92380492-5303-4dab-9abd-20a64e1cdbab
,408,68,2885,Hollywood,0,,1000-01-01 00:00:00,1000-01-01 00:00:00,PRACT1CEACC0UNT,8,92380492-5303-4dab-9abd-20a64e1cdbab
,409,69,2909,Dorado,0,,1000-01-01 00:00:00,1000-01-01 00:00:00,PRACT1CEACC0UNT,8,92380492-5303-4dab-9abd-20a64e1cdbab
,410,70,2884,King's Row,0,,1000-01-01 00:00:00,1000-01-01 00:00:00,PRACT1CEACC0UNT,8,92380492-5303-4dab-9abd-20a64e1cdbab
,411,71,2908,Numbani,0,,1000-01-01 00:00:00,1000-01-01 00:00:00,PRACT1CEACC0UNT,8,92380492-5303-4dab-9abd-20a64e1cdbab
,412,72,2933,Lijiang Tower,0,,1000-01-01 00:00:00,1000-01-01 00:00:00,PRACT1CEACC0UNT,8,92380492-5303-4dab-9abd-20a64e1cdbab
,413,73,2951,Watchpoint: Gibraltar,0,,1000-01-01 00:00:00,1000-01-01 00:00:00,PRACT1CEACC0UNT,8,92380492-5303-4dab-9abd-20a64e1cdbab
,414,74,2925,Hanamura,0,,1000-01-01 00:00:00,1000-01-01 00:00:00,PRACT1CEACC0UNT,8,92380492-5303-4dab-9abd-20a64e1cdbab
,415,75,2949,Ilios,0,,1000-01-01 00:00:00,1000-01-01 00:00:00,PRACT1CEACC0UNT,8,92380492-5303-4dab-9abd-20a64e1cdbab
,416,76,2926,King's Row,0,,1000-01-01 00:00:00,1000-01-01 00:00:00,PRACT1CEACC0UNT,8,92380492-5303-4dab-9abd-20a64e1cdbab
,417,77,2949,Junkertown,0,,1000-01-01 00:00:00,1000-01-01 00:00:00,PRACT1CEACC0UNT,8,92380492-5303-4dab-9abd-20a64e1cdbab
,418,78,2925,Lijiang Tower,0,,1000-01-01 00:00:00,1000-01-01 00:00:00,PRACT1CEACC0UNT,8,92380492-5303-4dab-9abd-20a64e1cdbab
,419,79,2901,Watchpoint: Gibraltar,0,,1000-01-01 00:00:00,1000-01-01 00:00:00,PRACT1CEACC0UNT,8,92380492-5303-4dab-9abd-20a64e1cdbab
,420,80,2901,Horizon Lunar Colony,0,,1000-01-01 00:00:00,1000-01-01 00:00:00,PRACT1CEACC0UNT,8,92380492-5303-4dab-9abd-20a64e1cdbab
,421,81,2924,Temple of Anubis,0,,1000-01-01 00:00:00,1000-01-01 00:00:00,PRACT1CEACC0UNT,8,92380492-5303-4dab-9abd-20a64e1cdbab
,422,82,2945,Junkertown,0,,1000-01-01 00:00:00,1000-01-01 00:00:00,PRACT1CEACC0UNT,8,92380492-5303-4dab-9abd-20a64e1cdbab
,423,83,2917,Route 66,0,,1000-01-01 00:00:00,1000-01-01 00:00:00,PRACT1CEACC0UNT,8,92380492-5303-4dab-9abd-20a64e1cdbab
,424,84,2889,Volskaya Industries,0,,1000-01-01 00:00:00,1000-01-01 00:00:00,PRACT1CEACC0UNT,8,92380492-5303-4dab-9abd-20a64e1cdbab
,425,85,2910,Horizon Lunar Colony,0,,1000-01-01 00:00:00,1000-01-01 00:00:00,PRACT1CEACC0UNT,8,92380492-5303-4dab-9abd-20a64e1cdbab
,426,86,2884,Eichenwalde,0,,1000-01-01 00:00:00,1000-01-01 00:00:00,PRACT1CEACC0UNT,8,92380492-5303-4dab-9abd-20a64e1cdbab
,427,87,2906,Junkertown,0,,1000-01-01 00:00:00,1000-01-01 00:00:00,PRACT1CEACC0UNT,8,92380492-5303-4dab-9abd-20a64e1cdbab
,428,88,2880,Eichenwalde,0,,1000-01-01 00:00:00,1000-01-01 00:00:00,PRACT1CEACC0UNT,8,92380492-5303-4dab-9abd-20a64e1cdbab
,429,89,2900,Numbani,0,,1000-01-01 00:00:00,1000-01-01 00:00:00,PRACT1CEACC0UNT,8,92380492-5303-4dab-9abd-20a64e1cdbab
,430,90,2873,Junkertown,0,,1000-01-01 00:00:00,1000-01-01 00:00:00,PRACT1CEACC0UNT,8,92380492-5303-4dab-9abd-20a64e1cdbab
,431,91,2895,Watchpoint: Gibraltar,0,,1000-01-01 00:00:00,1000-01-01 00:00:00,PRACT1CEACC0UNT,8,92380492-5303-4dab-9abd-20a64e1cdbab
,432,92,2917,Lijiang Tower,0,,1000-01-01 00:00:00,1000-01-01 00:00:00,PRACT1CEACC0UNT,8,92380492-5303-4dab-9abd-20a64e1cdbab
,433,93,2940,Nepal,0,,1000-01-01 00:00:00,1000-01-01 00:00:00,PRACT1CEACC0UNT,8,92380492-5303-4dab-9abd-20a64e1cdbab
,434,94,2963,Ilios,0,,1000-01-01 00:00:00,1000-01-01 00:00:00,PRACT1CEACC0UNT,8,92380492-5303-4dab-9abd-20a64e1cdbab
,435,95,2987,Hollywood,0,,1000-01-01 00:00:00,1000-01-01 00:00:00,PRACT1CEACC0UNT,8,92380492-5303-4dab-9abd-20a64e1cdbab
,436,96,2962,Hanamura,0,,1000-01-01 00:00:00,1000-01-01 00:00:00,PRACT1CEACC0UNT,8,92380492-5303-4dab-9abd-20a64e1cdbab
,437,97,2938,Horizon Lunar Colony,0,,1000-01-01 00:00:00,1000-01-01 00:00:00,PRACT1CEACC0UNT,8,92380492-5303-4dab-9abd-20a64e1cdbab
,438,98,2961,Temple of Anubis,0,,1000-01-01 00:00:00,1000-01-01 00:00:00,PRACT1CEACC0UNT,8,92380492-5303-4dab-9abd-20a64e1cdbab
,439,99,2937,King's Row,0,,1000-01-01 00:00:00,1000-01-01 00:00:00,PRACT1CEACC0UNT,8,92380492-5303-4dab-9abd-20a64e1cdbab
,440,100,2912,Volskaya Industries,0,,1000-01-01 00:00:00,1000-01-01 00:00:00,PRACT1CEACC0UNT,8,92380492-5303-4dab-9abd-20a64e1cdbab
,441,101,2888,Eichenwalde,0,,1000-01-01 00:00:00,1000-01-01 00:00:00,PRACT1CEACC0UNT,8,92380492-5303-4dab-9abd-20a64e1cdbab
,442,102,2912,Lijiang Tower,0,,1000-01-01 00:00:00,1000-01-01 00:00:00,PRACT1CEACC0UNT,8,92380492-5303-4dab-9abd-20a64e1cdbab
,443,103,2888,Eichenwalde,0,,1000-01-01 00:00:00,1000-01-01 00:00:00,PRACT1CEACC0UNT,8,92380492-5303-4dab-9abd-20a64e1cdbab
,444,104,2863,Hollywood,0,,1000-01-01 00:00:00,1000-01-01 00:00:00,PRACT1CEACC0UNT,8,92380492-5303-4dab-9abd-20a64e1cdbab
,445,105,2839,Ilios,0,,1000-01-01 00:00:00,1000-01-01 00:00:00,PRACT1CEACC0UNT,8,92380492-5303-4dab-9abd-20a64e1cdbab
,446,106,2814,Watchpoint: Gibraltar,0,,1000-01-01 00:00:00,1000-01-01 00:00:00,PRACT1CEACC0UNT,8,92380492-5303-4dab-9abd-20a64e1cdbab
,447,107,2790,Eichenwalde,0,,1000-01-01 00:00:00,1000-01-01 00:00:00,PRACT1CEACC0UNT,8,92380492-5303-4dab-9abd-20a64e1cdbab
,448,108,2815,Volskaya Industries,0,,1000-01-01 00:00:00,1000-01-01 00:00:00,PRACT1CEACC0UNT,8,92380492-5303-4dab-9abd-20a64e1cdbab
,449,109,2841,Lijiang Tower,0,,1000-01-01 00:00:00,1000-01-01 00:00:00,PRACT1CEACC0UNT,8,92380492-5303-4dab-9abd-20a64e1cdbab
,450,110,2865,Route 66,0,,1000-01-01 00:00:00,1000-01-01 00:00:00,PRACT1CEACC0UNT,8,92380492-5303-4dab-9abd-20a64e1cdbab
,451,111,2841,Ilios,0,,1000-01-01 00:00:00,1000-01-01 00:00:00,PRACT1CEACC0UNT,8,92380492-5303-4dab-9abd-20a64e1cdbab
,452,112,2864,Junkertown,0,,1000-01-01 00:00:00,1000-01-01 00:00:00,PRACT1CEACC0UNT,8,92380492-5303-4dab-9abd-20a64e1cdbab
,453,113,2884,Hanamura,0,,1000-01-01 00:00:00,1000-01-01 00:00:00,PRACT1CEACC0UNT,8,92380492-5303-4dab-9abd-20a64e1cdbab
,454,114,2861,Horizon Lunar Colony,0,,1000-01-01 00:00:00,1000-01-01 00:00:00,PRACT1CEACC0UNT,8,92380492-5303-4dab-9abd-20a64e1cdbab
,455,115,2835,Watchpoint: Gibraltar,0,,1000-01-01 00:00:00,1000-01-01 00:00:00,PRACT1CEACC0UNT,8,92380492-5303-4dab-9abd-20a64e1cdbab
,456,116,2859,Nepal,0,,1000-01-01 00:00:00,1000-01-01 00:00:00,PRACT1CEACC0UNT,8,92380492-5303-4dab-9abd-20a64e1cdbab
,457,117,2834,Ilios,0,,1000-01-01 00:00:00,1000-01-01 00:00:00,PRACT1CEACC0UNT,8,92380492-5303-4dab-9abd-20a64e1cdbab
,458,118,2858,Oasis,0,,1000-01-01 00:00:00,1000-01-01 00:00:00,PRACT1CEACC0UNT,8,92380492-5303-4dab-9abd-20a64e1cdbab
,459,119,2881,Numbani,0,,1000-01-01 00:00:00,1000-01-01 00:00:00,PRACT1CEACC0UNT,8,92380492-5303-4dab-9abd-20a64e1cdbab
,460,120,2856,Junkertown,0,,1000-01-01 00:00:00,1000-01-01 00:00:00,PRACT1CEACC0UNT,8,92380492-5303-4dab-9abd-20a64e1cdbab
,461,121,2833,Hollywood,0,,1000-01-01 00:00:00,1000-01-01 00:00:00,PRACT1CEACC0UNT,8,92380492-5303-4dab-9abd-20a64e1cdbab
,462,122,2809,Horizon Lunar Colony,0,,1000-01-01 00:00:00,1000-01-01 00:00:00,PRACT1CEACC0UNT,8,92380492-5303-4dab-9abd-20a64e1cdbab
,463,123,2784,Oasis,0,,1000-01-01 00:00:00,1000-01-01 00:00:00,PRACT1CEACC0UNT,8,92380492-5303-4dab-9abd-20a64e1cdbab
,464,124,2761,Temple of Anubis,0,,1000-01-01 00:00:00,1000-01-01 00:00:00,PRACT1CEACC0UNT,8,92380492-5303-4dab-9abd-20a64e1cdbab
,465,125,2737,Lijiang Tower,0,,1000-01-01 00:00:00,1000-01-01 00:00:00,PRACT1CEACC0UNT,8,92380492-5303-4dab-9abd-20a64e1cdbab
,466,126,2761,Ilios,0,,1000-01-01 00:00:00,1000-01-01 00:00:00,PRACT1CEACC0UNT,8,92380492-5303-4dab-9abd-20a64e1cdbab
,467,127,2737,Route 66,0,,1000-01-01 00:00:00,1000-01-01 00:00:00,PRACT1CEACC0UNT,8,92380492-5303-4dab-9abd-20a64e1cdbab
,468,128,2763,Hollywood,0,,1000-01-01 00:00:00,1000-01-01 00:00:00,PRACT1CEACC0UNT,8,92380492-5303-4dab-9abd-20a64e1cdbab
,469,129,2739,Dorado,0,,1000-01-01 00:00:00,1000-01-01 00:00:00,PRACT1CEACC0UNT,8,92380492-5303-4dab-9abd-20a64e1cdbab
,470,1,2739,Placements,1,W,1000-01-01 00:00:00,1000-01-01 00:00:00,PRACT1CEACC0UNT,9,92380492-5303-4dab-9abd-20a64e1cdbab
,471,2,2739,Placements,1,W,1000-01-01 00:00:00,1000-01-01 00:00:00,PRACT1CEACC0UNT,9,92380492-5303-4dab-9abd-20a64e1cdbab
,472,3,2739,Placements,1,W,1000-01-01 00:00:00,1000-01-01 00:00:00,PRACT1CEACC0UNT,9,92380492-5303-4dab-9abd-20a64e1cdbab
,473,4,2739,Placements,1,W,1000-01-01 00:00:00,1000-01-01 00:00:00,PRACT1CEACC0UNT,9,92380492-5303-4dab-9abd-20a64e1cdbab
,474,5,2739,Placements,1,W,1000-01-01 00:00:00,1000-01-01 00:00:00,PRACT1CEACC0UNT,9,92380492-5303-4dab-9abd-20a64e1cdbab
,475,6,2739,Placements,1,W,1000-01-01 00:00:00,1000-01-01 00:00:00,PRACT1CEACC0UNT,9,92380492-5303-4dab-9abd-20a64e1cdbab
,476,7,2739,Placements,1,L,1000-01-01 00:00:00,1000-01-01 00:00:00,PRACT1CEACC0UNT,9,92380492-5303-4dab-9abd-20a64e1cdbab
,477,8,2739,Placements,1,L,1000-01-01 00:00:00,1000-01-01 00:00:00,PRACT1CEACC0UNT,9,92380492-5303-4dab-9abd-20a64e1cdbab
,478,9,2739,Placements,1,L,1000-01-01 00:00:00,1000-01-01 00:00:00,PRACT1CEACC0UNT,9,92380492-5303-4dab-9abd-20a64e1cdbab
,479,10,2790,Placements,1,L,1000-01-01 00:00:00,1000-01-01 00:00:00,PRACT1CEACC0UNT,9,92380492-5303-4dab-9abd-20a64e1cdbab
,480,11,2812,King's Row,0,,1000-01-01 00:00:00,1000-01-01 00:00:00,PRACT1CEACC0UNT,9,92380492-5303-4dab-9abd-20a64e1cdbab
,481,12,2838,Blizzard World,0,,1000-01-01 00:00:00,1000-01-01 00:00:00,PRACT1CEACC0UNT,9,92380492-5303-4dab-9abd-20a64e1cdbab
,482,13,2862,Lijiang Tower,0,,1000-01-01 00:00:00,1000-01-01 00:00:00,PRACT1CEACC0UNT,9,92380492-5303-4dab-9abd-20a64e1cdbab
,483,14,2837,Numbani,0,,1000-01-01 00:00:00,1000-01-01 00:00:00,PRACT1CEACC0UNT,9,92380492-5303-4dab-9abd-20a64e1cdbab
,484,15,2812,Route 66,0,,1000-01-01 00:00:00,1000-01-01 00:00:00,PRACT1CEACC0UNT,9,92380492-5303-4dab-9abd-20a64e1cdbab
,485,16,2834,Ilios,0,,1000-01-01 00:00:00,1000-01-01 00:00:00,PRACT1CEACC0UNT,9,92380492-5303-4dab-9abd-20a64e1cdbab
,486,17,2834,King's Row,0,,1000-01-01 00:00:00,1000-01-01 00:00:00,PRACT1CEACC0UNT,9,92380492-5303-4dab-9abd-20a64e1cdbab
,487,18,2854,Nepal,0,,1000-01-01 00:00:00,1000-01-01 00:00:00,PRACT1CEACC0UNT,9,92380492-5303-4dab-9abd-20a64e1cdbab
,488,19,2874,Oasis,0,,1000-01-01 00:00:00,1000-01-01 00:00:00,PRACT1CEACC0UNT,9,92380492-5303-4dab-9abd-20a64e1cdbab
,489,20,2896,Horizon Lunar Colony,0,,1000-01-01 00:00:00,1000-01-01 00:00:00,PRACT1CEACC0UNT,9,92380492-5303-4dab-9abd-20a64e1cdbab
,490,21,2917,Watchpoint: Gibraltar,0,,1000-01-01 00:00:00,1000-01-01 00:00:00,PRACT1CEACC0UNT,9,92380492-5303-4dab-9abd-20a64e1cdbab
,491,22,2937,Blizzard World,0,,1000-01-01 00:00:00,1000-01-01 00:00:00,PRACT1CEACC0UNT,9,92380492-5303-4dab-9abd-20a64e1cdbab
,492,23,2956,Eichenwalde,0,,1000-01-01 00:00:00,1000-01-01 00:00:00,PRACT1CEACC0UNT,9,92380492-5303-4dab-9abd-20a64e1cdbab
,493,24,2980,Dorado,0,,1000-01-01 00:00:00,1000-01-01 00:00:00,PRACT1CEACC0UNT,9,92380492-5303-4dab-9abd-20a64e1cdbab
,494,25,2956,Oasis,0,,1000-01-01 00:00:00,1000-01-01 00:00:00,PRACT1CEACC0UNT,9,92380492-5303-4dab-9abd-20a64e1cdbab
,495,26,2980,Lijiang Tower,0,,1000-01-01 00:00:00,1000-01-01 00:00:00,PRACT1CEACC0UNT,9,92380492-5303-4dab-9abd-20a64e1cdbab
,496,27,3003,King's Row,0,,1000-01-01 00:00:00,1000-01-01 00:00:00,PRACT1CEACC0UNT,9,92380492-5303-4dab-9abd-20a64e1cdbab
,497,28,2980,Ilios,0,,1000-01-01 00:00:00,1000-01-01 00:00:00,PRACT1CEACC0UNT,9,92380492-5303-4dab-9abd-20a64e1cdbab
,498,29,3004,Lijiang Tower,0,,1000-01-01 00:00:00,1000-01-01 00:00:00,PRACT1CEACC0UNT,9,92380492-5303-4dab-9abd-20a64e1cdbab
,499,30,3028,Numbani,0,,1000-01-01 00:00:00,1000-01-01 00:00:00,PRACT1CEACC0UNT,9,92380492-5303-4dab-9abd-20a64e1cdbab
,500,31,3004,Oasis,0,,1000-01-01 00:00:00,1000-01-01 00:00:00,PRACT1CEACC0UNT,9,92380492-5303-4dab-9abd-20a64e1cdbab
,501,32,3028,Route 66,0,,1000-01-01 00:00:00,1000-01-01 00:00:00,PRACT1CEACC0UNT,9,92380492-5303-4dab-9abd-20a64e1cdbab
,502,33,3003,Watchpoint: Gibraltar,0,,1000-01-01 00:00:00,1000-01-01 00:00:00,PRACT1CEACC0UNT,9,92380492-5303-4dab-9abd-20a64e1cdbab
,503,34,3026,Horizon Lunar Colony,0,,1000-01-01 00:00:00,1000-01-01 00:00:00,PRACT1CEACC0UNT,9,92380492-5303-4dab-9abd-20a64e1cdbab
,504,35,3002,Volskaya Industries,0,,1000-01-01 00:00:00,1000-01-01 00:00:00,PRACT1CEACC0UNT,9,92380492-5303-4dab-9abd-20a64e1cdbab
,505,36,2978,Lijiang Tower,0,,1000-01-01 00:00:00,1000-01-01 00:00:00,PRACT1CEACC0UNT,9,92380492-5303-4dab-9abd-20a64e1cdbab
,506,37,3001,Hanamura,0,,1000-01-01 00:00:00,1000-01-01 00:00:00,PRACT1CEACC0UNT,9,92380492-5303-4dab-9abd-20a64e1cdbab
,507,38,3025,King's Row,0,,1000-01-01 00:00:00,1000-01-01 00:00:00,PRACT1CEACC0UNT,9,92380492-5303-4dab-9abd-20a64e1cdbab
,508,39,3049,Temple of Anubis,0,,1000-01-01 00:00:00,1000-01-01 00:00:00,PRACT1CEACC0UNT,9,92380492-5303-4dab-9abd-20a64e1cdbab
,509,40,3073,Junkertown,0,,1000-01-01 00:00:00,1000-01-01 00:00:00,PRACT1CEACC0UNT,9,92380492-5303-4dab-9abd-20a64e1cdbab
,510,41,3097,Ilios,0,,1000-01-01 00:00:00,1000-01-01 00:00:00,PRACT1CEACC0UNT,9,92380492-5303-4dab-9abd-20a64e1cdbab
,511,42,3073,Horizon Lunar Colony,0,,1000-01-01 00:00:00,1000-01-01 00:00:00,PRACT1CEACC0UNT,9,92380492-5303-4dab-9abd-20a64e1cdbab
,512,43,3049,Junkertown,0,,1000-01-01 00:00:00,1000-01-01 00:00:00,PRACT1CEACC0UNT,9,92380492-5303-4dab-9abd-20a64e1cdbab
,513,44,3073,Numbani,0,,1000-01-01 00:00:00,1000-01-01 00:00:00,PRACT1CEACC0UNT,9,92380492-5303-4dab-9abd-20a64e1cdbab
,514,45,3097,Nepal,0,,1000-01-01 00:00:00,1000-01-01 00:00:00,PRACT1CEACC0UNT,9,92380492-5303-4dab-9abd-20a64e1cdbab
,515,46,3047,DODGE THROWER,0,,1000-01-01 00:00:00,1000-01-01 00:00:00,PRACT1CEACC0UNT,9,92380492-5303-4dab-9abd-20a64e1cdbab
,516,47,3025,Lijiang Tower,0,,1000-01-01 00:00:00,1000-01-01 00:00:00,PRACT1CEACC0UNT,9,92380492-5303-4dab-9abd-20a64e1cdbab
,517,48,3003,Dorado,0,,1000-01-01 00:00:00,1000-01-01 00:00:00,PRACT1CEACC0UNT,9,92380492-5303-4dab-9abd-20a64e1cdbab
,518,49,2981,Nepal,0,,1000-01-01 00:00:00,1000-01-01 00:00:00,PRACT1CEACC0UNT,9,92380492-5303-4dab-9abd-20a64e1cdbab
,519,50,3010,Oasis,0,,1000-01-01 00:00:00,1000-01-01 00:00:00,PRACT1CEACC0UNT,9,92380492-5303-4dab-9abd-20a64e1cdbab
,520,51,3038,Watchpoint: Gibraltar,0,,1000-01-01 00:00:00,1000-01-01 00:00:00,PRACT1CEACC0UNT,9,92380492-5303-4dab-9abd-20a64e1cdbab
,521,52,3066,Hollywood,0,,1000-01-01 00:00:00,1000-01-01 00:00:00,PRACT1CEACC0UNT,9,92380492-5303-4dab-9abd-20a64e1cdbab
,522,53,3043,Lijiang Tower,0,,1000-01-01 00:00:00,1000-01-01 00:00:00,PRACT1CEACC0UNT,9,92380492-5303-4dab-9abd-20a64e1cdbab
,523,54,3021,Blizzard World,0,,1000-01-01 00:00:00,1000-01-01 00:00:00,PRACT1CEACC0UNT,9,92380492-5303-4dab-9abd-20a64e1cdbab
,524,55,2998,Numbani,0,,1000-01-01 00:00:00,1000-01-01 00:00:00,PRACT1CEACC0UNT,9,92380492-5303-4dab-9abd-20a64e1cdbab
,525,56,2975,Ilios,0,,1000-01-01 00:00:00,1000-01-01 00:00:00,PRACT1CEACC0UNT,9,92380492-5303-4dab-9abd-20a64e1cdbab
,526,57,2952,Hanamura,0,,1000-01-01 00:00:00,1000-01-01 00:00:00,PRACT1CEACC0UNT,9,92380492-5303-4dab-9abd-20a64e1cdbab
,527,58,2978,Watchpoint: Gibraltar,0,,1000-01-01 00:00:00,1000-01-01 00:00:00,PRACT1CEACC0UNT,9,92380492-5303-4dab-9abd-20a64e1cdbab
,528,59,2955,Horizon Lunar Colony,0,,1000-01-01 00:00:00,1000-01-01 00:00:00,PRACT1CEACC0UNT,9,92380492-5303-4dab-9abd-20a64e1cdbab
,529,60,2932,Route 66,0,,1000-01-01 00:00:00,1000-01-01 00:00:00,PRACT1CEACC0UNT,9,92380492-5303-4dab-9abd-20a64e1cdbab
,530,61,2908,Numbani,0,,1000-01-01 00:00:00,1000-01-01 00:00:00,PRACT1CEACC0UNT,9,92380492-5303-4dab-9abd-20a64e1cdbab
,531,62,2934,Blizzard World,0,,1000-01-01 00:00:00,1000-01-01 00:00:00,PRACT1CEACC0UNT,9,92380492-5303-4dab-9abd-20a64e1cdbab
,532,63,2961,Volskaya Industries,0,,1000-01-01 00:00:00,1000-01-01 00:00:00,PRACT1CEACC0UNT,9,92380492-5303-4dab-9abd-20a64e1cdbab
,533,64,2939,Dorado,0,,1000-01-01 00:00:00,1000-01-01 00:00:00,PRACT1CEACC0UNT,9,92380492-5303-4dab-9abd-20a64e1cdbab
,534,65,2916,Junkertown,0,,1000-01-01 00:00:00,1000-01-01 00:00:00,PRACT1CEACC0UNT,9,92380492-5303-4dab-9abd-20a64e1cdbab
,535,66,2893,Hanamura,0,,1000-01-01 00:00:00,1000-01-01 00:00:00,PRACT1CEACC0UNT,9,92380492-5303-4dab-9abd-20a64e1cdbab
,536,67,2919,Lijiang Tower,0,,1000-01-01 00:00:00,1000-01-01 00:00:00,PRACT1CEACC0UNT,9,92380492-5303-4dab-9abd-20a64e1cdbab
,537,68,2944,Route 66,0,,1000-01-01 00:00:00,1000-01-01 00:00:00,PRACT1CEACC0UNT,9,92380492-5303-4dab-9abd-20a64e1cdbab
,538,69,2969,Hollywood,0,,1000-01-01 00:00:00,1000-01-01 00:00:00,PRACT1CEACC0UNT,9,92380492-5303-4dab-9abd-20a64e1cdbab
,539,70,2945,Ilios,0,,1000-01-01 00:00:00,1000-01-01 00:00:00,PRACT1CEACC0UNT,9,92380492-5303-4dab-9abd-20a64e1cdbab
,540,71,2970,Eichenwalde,0,,1000-01-01 00:00:00,1000-01-01 00:00:00,PRACT1CEACC0UNT,9,92380492-5303-4dab-9abd-20a64e1cdbab
,541,72,2995,Numbani,0,,1000-01-01 00:00:00,1000-01-01 00:00:00,PRACT1CEACC0UNT,9,92380492-5303-4dab-9abd-20a64e1cdbab
,542,73,2972,Volskaya Industries,0,,1000-01-01 00:00:00,1000-01-01 00:00:00,PRACT1CEACC0UNT,9,92380492-5303-4dab-9abd-20a64e1cdbab
,543,74,2997,Temple of Anubis,0,,1000-01-01 00:00:00,1000-01-01 00:00:00,PRACT1CEACC0UNT,9,92380492-5303-4dab-9abd-20a64e1cdbab
,544,75,2974,Hanamura,0,,1000-01-01 00:00:00,1000-01-01 00:00:00,PRACT1CEACC0UNT,9,92380492-5303-4dab-9abd-20a64e1cdbab
,545,76,2951,King's Row,0,,1000-01-01 00:00:00,1000-01-01 00:00:00,PRACT1CEACC0UNT,9,92380492-5303-4dab-9abd-20a64e1cdbab
,546,77,2928,Nepal,0,,1000-01-01 00:00:00,1000-01-01 00:00:00,PRACT1CEACC0UNT,9,92380492-5303-4dab-9abd-20a64e1cdbab
,547,78,2952,Horizon Lunar Colony,0,,1000-01-01 00:00:00,1000-01-01 00:00:00,PRACT1CEACC0UNT,9,92380492-5303-4dab-9abd-20a64e1cdbab
,548,79,2927,Volskaya Industries,0,,1000-01-01 00:00:00,1000-01-01 00:00:00,PRACT1CEACC0UNT,9,92380492-5303-4dab-9abd-20a64e1cdbab
,549,80,2951,Temple of Anubis,0,,1000-01-01 00:00:00,1000-01-01 00:00:00,PRACT1CEACC0UNT,9,92380492-5303-4dab-9abd-20a64e1cdbab
,550,81,2975,Watchpoint: Gibraltar,0,,1000-01-01 00:00:00,1000-01-01 00:00:00,PRACT1CEACC0UNT,9,92380492-5303-4dab-9abd-20a64e1cdbab
,551,82,2951,Oasis,0,,1000-01-01 00:00:00,1000-01-01 00:00:00,PRACT1CEACC0UNT,9,92380492-5303-4dab-9abd-20a64e1cdbab
,552,83,2927,Blizzard World,0,,1000-01-01 00:00:00,1000-01-01 00:00:00,PRACT1CEACC0UNT,9,92380492-5303-4dab-9abd-20a64e1cdbab
,553,84,2927,Volskaya Industries,0,,1000-01-01 00:00:00,1000-01-01 00:00:00,PRACT1CEACC0UNT,9,92380492-5303-4dab-9abd-20a64e1cdbab
,554,85,2903,Horizon Lunar Colony,0,,1000-01-01 00:00:00,1000-01-01 00:00:00,PRACT1CEACC0UNT,9,92380492-5303-4dab-9abd-20a64e1cdbab
,555,86,2924,Blizzard World,0,,1000-01-01 00:00:00,1000-01-01 00:00:00,PRACT1CEACC0UNT,9,92380492-5303-4dab-9abd-20a64e1cdbab
,556,87,2898,King's Row,0,,1000-01-01 00:00:00,1000-01-01 00:00:00,PRACT1CEACC0UNT,9,92380492-5303-4dab-9abd-20a64e1cdbab
,557,88,2870,Eichenwalde,0,,1000-01-01 00:00:00,1000-01-01 00:00:00,PRACT1CEACC0UNT,9,92380492-5303-4dab-9abd-20a64e1cdbab
,558,89,2842,Numbani,0,,1000-01-01 00:00:00,1000-01-01 00:00:00,PRACT1CEACC0UNT,9,92380492-5303-4dab-9abd-20a64e1cdbab
,559,90,2815,Temple of Anubis,0,,1000-01-01 00:00:00,1000-01-01 00:00:00,PRACT1CEACC0UNT,9,92380492-5303-4dab-9abd-20a64e1cdbab
,560,91,2836,Junkertown,0,,1000-01-01 00:00:00,1000-01-01 00:00:00,PRACT1CEACC0UNT,9,92380492-5303-4dab-9abd-20a64e1cdbab
,561,92,2858,Ilios,0,,1000-01-01 00:00:00,1000-01-01 00:00:00,PRACT1CEACC0UNT,9,92380492-5303-4dab-9abd-20a64e1cdbab
,562,93,2832,Lijiang Tower,0,,1000-01-01 00:00:00,1000-01-01 00:00:00,PRACT1CEACC0UNT,9,92380492-5303-4dab-9abd-20a64e1cdbab
,563,94,2809,Numbani,0,,1000-01-01 00:00:00,1000-01-01 00:00:00,PRACT1CEACC0UNT,9,92380492-5303-4dab-9abd-20a64e1cdbab
,564,95,2785,Blizzard World,0,,1000-01-01 00:00:00,1000-01-01 00:00:00,PRACT1CEACC0UNT,9,92380492-5303-4dab-9abd-20a64e1cdbab
,565,96,2808,Ilios,0,,1000-01-01 00:00:00,1000-01-01 00:00:00,PRACT1CEACC0UNT,9,92380492-5303-4dab-9abd-20a64e1cdbab
,566,97,2831,Temple of Anubis,0,,1000-01-01 00:00:00,1000-01-01 00:00:00,PRACT1CEACC0UNT,9,92380492-5303-4dab-9abd-20a64e1cdbab
,567,98,2831,Horizon Lunar Colony,0,,1000-01-01 00:00:00,1000-01-01 00:00:00,PRACT1CEACC0UNT,9,92380492-5303-4dab-9abd-20a64e1cdbab
,568,99,2806,Dorado,0,,1000-01-01 00:00:00,1000-01-01 00:00:00,PRACT1CEACC0UNT,9,92380492-5303-4dab-9abd-20a64e1cdbab
,569,100,2781,Hanamura,0,,1000-01-01 00:00:00,1000-01-01 00:00:00,PRACT1CEACC0UNT,9,92380492-5303-4dab-9abd-20a64e1cdbab
,570,101,2758,Watchpoint: Gibraltar,0,,1000-01-01 00:00:00,1000-01-01 00:00:00,PRACT1CEACC0UNT,9,92380492-5303-4dab-9abd-20a64e1cdbab
,571,102,2783,Hollywood,0,,1000-01-01 00:00:00,1000-01-01 00:00:00,PRACT1CEACC0UNT,9,92380492-5303-4dab-9abd-20a64e1cdbab
,572,103,2807,Dorado,0,,1000-01-01 00:00:00,1000-01-01 00:00:00,PRACT1CEACC0UNT,9,92380492-5303-4dab-9abd-20a64e1cdbab
,573,104,2832,Route 66,0,,1000-01-01 00:00:00,1000-01-01 00:00:00,PRACT1CEACC0UNT,9,92380492-5303-4dab-9abd-20a64e1cdbab
,574,105,2809,Lijiang Tower,0,,1000-01-01 00:00:00,1000-01-01 00:00:00,PRACT1CEACC0UNT,9,92380492-5303-4dab-9abd-20a64e1cdbab
,575,106,2786,Watchpoint: Gibraltar,0,,1000-01-01 00:00:00,1000-01-01 00:00:00,PRACT1CEACC0UNT,9,92380492-5303-4dab-9abd-20a64e1cdbab
,576,107,2762,Horizon Lunar Colony,0,,1000-01-01 00:00:00,1000-01-01 00:00:00,PRACT1CEACC0UNT,9,92380492-5303-4dab-9abd-20a64e1cdbab
,577,108,2785,King's Row,0,,1000-01-01 00:00:00,1000-01-01 00:00:00,PRACT1CEACC0UNT,9,92380492-5303-4dab-9abd-20a64e1cdbab
,578,109,2760,Hanamura,0,,1000-01-01 00:00:00,1000-01-01 00:00:00,PRACT1CEACC0UNT,9,92380492-5303-4dab-9abd-20a64e1cdbab
,579,110,2782,Watchpoint: Gibraltar,0,,1000-01-01 00:00:00,1000-01-01 00:00:00,PRACT1CEACC0UNT,9,92380492-5303-4dab-9abd-20a64e1cdbab
,580,111,2782,Blizzard World,0,,1000-01-01 00:00:00,1000-01-01 00:00:00,PRACT1CEACC0UNT,9,92380492-5303-4dab-9abd-20a64e1cdbab
,581,112,2756,Dorado,0,,1000-01-01 00:00:00,1000-01-01 00:00:00,PRACT1CEACC0UNT,9,92380492-5303-4dab-9abd-20a64e1cdbab
,582,113,2779,Route 66,0,,1000-01-01 00:00:00,1000-01-01 00:00:00,PRACT1CEACC0UNT,9,92380492-5303-4dab-9abd-20a64e1cdbab
,583,114,2801,Horizon Lunar Colony,0,,1000-01-01 00:00:00,1000-01-01 00:00:00,PRACT1CEACC0UNT,9,92380492-5303-4dab-9abd-20a64e1cdbab
,584,115,2779,Eichenwalde,0,,1000-01-01 00:00:00,1000-01-01 00:00:00,PRACT1CEACC0UNT,9,92380492-5303-4dab-9abd-20a64e1cdbab
,585,116,2756,Nepal,0,,1000-01-01 00:00:00,1000-01-01 00:00:00,PRACT1CEACC0UNT,9,92380492-5303-4dab-9abd-20a64e1cdbab
,586,117,2729,Blizzard World,0,,1000-01-01 00:00:00,1000-01-01 00:00:00,PRACT1CEACC0UNT,9,92380492-5303-4dab-9abd-20a64e1cdbab
,587,118,2705,Temple of Anubis,0,,1000-01-01 00:00:00,1000-01-01 00:00:00,PRACT1CEACC0UNT,9,92380492-5303-4dab-9abd-20a64e1cdbab
,588,119,2726,Hollywood,0,,1000-01-01 00:00:00,1000-01-01 00:00:00,PRACT1CEACC0UNT,9,92380492-5303-4dab-9abd-20a64e1cdbab
,589,120,2748,Ilios,0,,1000-01-01 00:00:00,1000-01-01 00:00:00,PRACT1CEACC0UNT,9,92380492-5303-4dab-9abd-20a64e1cdbab
,590,121,2724,King's Row,0,,1000-01-01 00:00:00,1000-01-01 00:00:00,PRACT1CEACC0UNT,9,92380492-5303-4dab-9abd-20a64e1cdbab
,591,122,2699,Lijiang Tower,0,,1000-01-01 00:00:00,1000-01-01 00:00:00,PRACT1CEACC0UNT,9,92380492-5303-4dab-9abd-20a64e1cdbab
,592,123,2673,Eichenwalde,0,,1000-01-01 00:00:00,1000-01-01 00:00:00,PRACT1CEACC0UNT,9,92380492-5303-4dab-9abd-20a64e1cdbab
,593,124,2649,Nepal,0,,1000-01-01 00:00:00,1000-01-01 00:00:00,PRACT1CEACC0UNT,9,92380492-5303-4dab-9abd-20a64e1cdbab
,594,125,2624,Hanamura,0,,1000-01-01 00:00:00,1000-01-01 00:00:00,PRACT1CEACC0UNT,9,92380492-5303-4dab-9abd-20a64e1cdbab
,595,126,2601,Horizon Lunar Colony,0,,1000-01-01 00:00:00,1000-01-01 00:00:00,PRACT1CEACC0UNT,9,92380492-5303-4dab-9abd-20a64e1cdbab
,596,127,2575,Ilios,0,,1000-01-01 00:00:00,1000-01-01 00:00:00,PRACT1CEACC0UNT,9,92380492-5303-4dab-9abd-20a64e1cdbab
,597,128,2600,Blizzard World,0,,1000-01-01 00:00:00,1000-01-01 00:00:00,PRACT1CEACC0UNT,9,92380492-5303-4dab-9abd-20a64e1cdbab
,598,129,2575,Watchpoint: Gibraltar,0,,1000-01-01 00:00:00,1000-01-01 00:00:00,PRACT1CEACC0UNT,9,92380492-5303-4dab-9abd-20a64e1cdbab
,599,130,2600,Hollywood,0,,1000-01-01 00:00:00,1000-01-01 00:00:00,PRACT1CEACC0UNT,9,92380492-5303-4dab-9abd-20a64e1cdbab
,600,131,2627,Junkertown,0,,1000-01-01 00:00:00,1000-01-01 00:00:00,PRACT1CEACC0UNT,9,92380492-5303-4dab-9abd-20a64e1cdbab
,601,132,2651,Lijiang Tower,0,,1000-01-01 00:00:00,1000-01-01 00:00:00,PRACT1CEACC0UNT,9,92380492-5303-4dab-9abd-20a64e1cdbab
,602,133,2630,Numbani,0,,1000-01-01 00:00:00,1000-01-01 00:00:00,PRACT1CEACC0UNT,9,92380492-5303-4dab-9abd-20a64e1cdbab
,603,134,2652,Blizzard World,0,,1000-01-01 00:00:00,1000-01-01 00:00:00,PRACT1CEACC0UNT,9,92380492-5303-4dab-9abd-20a64e1cdbab
,604,135,2678,Horizon Lunar Colony,0,,1000-01-01 00:00:00,1000-01-01 00:00:00,PRACT1CEACC0UNT,9,92380492-5303-4dab-9abd-20a64e1cdbab
,605,136,2654,Hanamura,0,,1000-01-01 00:00:00,1000-01-01 00:00:00,PRACT1CEACC0UNT,9,92380492-5303-4dab-9abd-20a64e1cdbab
,606,137,2631,Oasis,0,,1000-01-01 00:00:00,1000-01-01 00:00:00,PRACT1CEACC0UNT,9,92380492-5303-4dab-9abd-20a64e1cdbab
,607,138,2658,Oasis,0,,1000-01-01 00:00:00,1000-01-01 00:00:00,PRACT1CEACC0UNT,9,92380492-5303-4dab-9abd-20a64e1cdbab
,608,139,2679,Ilios,0,,1000-01-01 00:00:00,1000-01-01 00:00:00,PRACT1CEACC0UNT,9,92380492-5303-4dab-9abd-20a64e1cdbab
,609,140,2705,Junkertown,0,,1000-01-01 00:00:00,1000-01-01 00:00:00,PRACT1CEACC0UNT,9,92380492-5303-4dab-9abd-20a64e1cdbab
,610,141,2725,Eichenwalde,0,,1000-01-01 00:00:00,1000-01-01 00:00:00,PRACT1CEACC0UNT,9,92380492-5303-4dab-9abd-20a64e1cdbab
